Date,p1ex_position,p1ey_position,p1ex_width,p1ey_width
2019-11-28,-0.6446,0.2463,1.564,1.2233
2019-11-29,-0.7316,0.2272,1.5857,1.2265
2019-12-03,-0.7645,0.1863,1.5828,1.245
2019-12-05,-0.7783,0.1635,-0.7783,1.2506
2019-12-11,-0.7778,0.2534,1.5862,1.2407
2019-12-16,-0.8051,0.1923,1.597,1.2631
2019-12-23,-0.7885,0.1485,1.5905,1.2648
2019-12-24,-0.7803,0.2209,1.5896,1.2595
2019-12-26,-0.7782,0.2204,1.5849,1.2525
2019-12-27,-0.7652,0.1746,1.5861,1.2605
2019-12-28,-0.7718,0.276,1.5839,1.2515
2019-12-30,-0.7775,0.2134,1.5838,1.2525
2019-12-31,-0.7739,0.1735,1.5804,1.2528
2020-01-09,-0.771,0.2475,1.5797,1.2408
2020-01-10,-0.79,0.1974,1.5868,1.2451
2020-01-14,-0.77,0.2,1.58,1.25
2020-01-21,-0.7777,0.2441,1.5827,1.2338
2020-01-22,-0.7783,0.2166,1.5822,1.2403
2020-01-24,-0.7674,0.2237,1.5824,1.2454
2020-01-27,-0.7985,0.1874,1.5842,1.2492
2020-01-28,-0.7705,0.2247,1.5818,1.2419
2020-01-29,-0.77,0.2217,1.5875,1.2473
2020-01-30,-0.7657,0.2185,1.5806,1.2471
2020-02-01,-0.7696,0.1526,1.5876,1.2642
2020-02-04,-0.8077,0.1764,1.5875,1.2512
2020-02-06,-0.7599,0.2157,1.5809,1.2479
2020-02-10,-0.75,0.225,1.5782,1.2401
2020-02-11,-0.7557,0.2726,1.5805,1.2442
2020-02-12,-0.7503,0.237,1.5793,1.2452
2020-02-13,-0.7519,0.2263,1.5797,1.2506
2020-02-14,-0.9989,0.1433,1.578,1.2386
2020-02-17,-0.7568,0.2083,1.5785,1.242
2020-02-20,-0.7744,0.2096,1.5858,1.2609
2020-02-21,-0.7973,0.2046,1.5848,1.2397
2020-02-24,-0.7703,0.1699,1.5867,1.2629
2020-02-25,-0.7763,0.2307,1.5854,1.2519
2020-02-26,-0.7763,0.2307,1.5854,1.2519
2020-02-27,-0.7601,0.2294,1.5819,1.2513
2020-02-28,-0.7618,0.2214,1.5804,1.25
2020-03-02,-0.7655,0.2142,1.5822,1.248
2020-03-03,-0.7599,0.2191,1.5819,1.2489
2020-03-04,-0.7616,0.2097,1.5847,1.2513
2020-03-05,-0.7529,0.2052,1.5846,1.2561
2020-03-09,-0.9325,0.0794,1.5784,1.2375
2020-03-10,-0.7454,0.2324,1.5764,1.2401
2020-03-12,-0.7454,0.2324,1.5764,1.2401
2020-03-13,-0.7428,0.2182,1.5793,1.2497
2020-03-16,-0.781,0.1939,1.5791,1.2431
2020-03-17,-0.8981,0.1999,1.575,1.244
2020-03-18,-0.7317,0.2139,1.575,1.2461
2020-03-19,-0.732,0.2162,1.5738,1.2444
2020-03-20,-0.723,0.2199,1.5717,1.2443
2020-03-23,-0.7445,0.2627,1.5728,1.2422
2020-03-25,-0.724,0.2211,1.5735,1.2485
2020-03-26,-0.7117,0.1686,1.5738,1.2634
2020-04-02,-0.7831,0.1519,1.5727,1.2388
2020-04-03,-0.7198,0.2258,1.5722,1.2382
2020-04-07,-0.7089,0.2175,1.5727,1.2461
2020-04-08,-0.7075,0.2081,1.5728,1.2509
2020-04-09,-0.7056,0.2125,1.5689,1.2488
2020-04-13,-0.7068,0.3125,1.5615,1.2391
2020-04-14,-0.7342,0.197,1.5676,1.2485
2020-04-16,-0.8882,0.0716,1.5718,1.2566
2020-04-17,-0.7945,-0.1978,1.5695,1.26
2020-04-20,-0.7044,0.2123,1.5582,1.2416
2020-04-21,-0.7035,0.205,1.5605,1.248
2020-04-22,-0.7018,0.2056,1.5589,1.2443
2020-04-29,-0.6392,0.183,0.9872,1.0781
2020-05-05,-0.6479,0.1449,0.9887,1.0868
2020-05-06,-0.6453,0.1685,0.9907,1.0784
2020-05-07,-0.6386,0.1607,0.9886,1.0816
2020-05-08,-0.6445,0.1551,0.9902,1.0814
2020-05-11,-0.6446,0.1798,0.9873,1.0675
2020-05-12,-0.6483,0.1663,0.9895,1.0669
2020-05-13,-0.6442,0.1665,0.9875,1.0734
2020-05-14,-0.6405,0.1586,0.9906,1.0744
2020-05-18,-0.9508,-0.0122,0.9913,1.0937
2020-05-19,-0.6603,0.1817,0.9875,1.0617
2020-05-21,-0.723,0.1011,0.9869,1.0665
2020-05-22,-0.6473,0.1632,0.9894,1.073
2020-05-26,-0.6425,0.1546,0.9922,1.0884
2020-05-29,-0.6434,0.1139,0.9871,1.0995
2020-06-15,-0.6985,0.173,0.9889,1.0633
2020-06-16,-0.705,0.1887,0.9891,1.0532
2020-06-17,-0.705,-0.2028,0.9892,1.0463
2020-06-18,-0.7067,0.204,0.9906,1.0475
2020-06-19,-0.7009,0.1885,0.9918,1.0597
2020-06-20,-0.9871,0.0597,0.9894,1.0414
2020-06-22,-0.699,0.186,0.9898,1.0506
2020-06-24,-0.6982,0.4936,0.9885,1.0633
2020-07-09,-0.6893,0.2034,0.9922,1.0417
2020-07-11,-0.6962,0.1859,0.9933,1.0541
2020-07-16,-0.7097,0.2197,0.9882,1.034
2020-07-30,-0.7801,0.2032,19.9405,7.078
2020-07-31,-0.7884,0.2095,0.9879,1.0205
2020-08-04,-0.792,0.2611,0.9849,1.0266
2020-08-05,-0.7597,0.2043,0.9869,1.0306
2020-08-06,-0.74,0.1488,0.9872,1.05
2020-08-07,-0.79,0.21,0.98,1.01
2020-08-10,-0.81,0.076,0.9877,1.05
2020-08-11,-0.8485,0.1036,0.9899,1.0215
2020-08-12,-0.7918,0.3295,0.9884,1.0172
2020-08-13,-0.745,0.2185,0.9892,1.0149
2020-08-14,-0.7445,0.2081,0.9873,1.0157
2020-08-17,-0.7404,0.2014,0.9899,1.029
2020-08-18,-0.7379,0.1588,0.9899,1.0532
2020-08-19,-0.759,0.2121,0.988,1.0145
2020-08-20,-0.7859,0.2253,0.9875,1.0189
2020-08-21,-0.779,0.2119,0.9912,1.0213
2020-08-24,-0.7343,0.2028,0.9883,1.0314
2020-08-25,-0.7793,0.2164,0.988,1.0207
2020-08-26,-0.7443,0.1915,0.9868,1.0337
2020-08-27,-0.7312,0.1864,0.9881,1.0293
2020-08-28,-0.7342,0.2115,0.9856,1.0239
2020-08-31,-0.7819,0.1655,0.9876,1.0216
2020-09-01,-0.7322,0.2223,0.9858,1.0242
2020-09-02,-0.7695,0.2065,0.9858,1.0272
2020-09-03,-0.8443,0.1896,0.9862,1.0341
2020-09-04,-0.8131,0.1959,0.9894,1.0305
2020-09-07,-0.82,0.39,0.99,1.02
2020-09-08,-0.77,0.24,0.98,1.04
2020-09-09,-0.81,0.17,0.99,1.05
2020-09-10,-0.777,0.203,0.985,1.032
2020-09-11,-0.82,0.21,0.98,1.02
2020-09-15,-1.0508,0.0265,0.9887,1.0373
2020-09-16,-0.814,0.2031,0.9946,1.0262
2020-09-17,-0.7708,0.1302,0.9924,1.0598
2020-09-18,-0.7681,0.197,0.9892,1.0256
2020-09-21,-0.7812,0.112,0.9883,1.1046
2020-09-22,-0.8186,0.2097,0.987,1.0884
2020-09-23,-0.78,0.12,0.99,1.09
2020-09-24,-0.7788,0.1143,0.9908,1.096
2020-09-25,-0.78,0.13,0.98,1.08
2020-09-29,-0.7596,0.115,0.9846,1.0996
2020-09-30,-0.8073,0.1281,0.9907,1.0932
2020-10-01,-0.772,0.122,0.984,1.0965
2020-10-02,-0.8134,0.0573,0.9886,1.1153
2020-10-06,-0.762,0.091,0.9914,1.1052
2020-10-07,-0.7606,0.1141,0.9914,1.0988
2020-10-08,-0.7592,-0.1088,0.9885,1.1051
2020-10-09,-0.8107,0.1121,0.9837,1.0894
2020-10-10,-0.7933,0.1905,0.9869,1.0926
2020-10-14,-0.7966,0.1493,0.9881,1.0895
2020-10-15,-0.75,0.14,0.99,1.08
2020-10-16,-0.79,0.15,0.99,1.08
2020-10-19,-0.7459,0.142,0.9936,1.086
2020-10-20,-0.7883,0.1237,0.9931,1.085
2020-10-21,-0.7947,0.0971,0.9895,1.0908
2020-10-22,-0.7883,0.091,0.9965,1.0982
2020-10-23,-0.9701,-0.0463,0.9917,1.0932
2020-10-26,-0.81,0.14,0.99,1.09
2020-10-27,-0.7516,0.0933,0.989,1.0938
2020-10-28,-0.79,0.1,0.99,1.09
2020-10-29,-0.7549,0.0903,0.992,1.0959
2020-10-30,-0.79,0.11,0.99,1.09
2020-11-04,-0.7931,0.0948,0.989,1.093
2020-11-05,-0.7888,0.0902,0.9851,1.093
2020-11-06,-0.748,0.0844,0.9922,1.1001
2020-11-10,-0.97,0.01,0.99,1.11
2020-11-11,-0.7834,0.2451,0.9904,1.1018
2020-11-12,-0.79,0.09,0.99,1.1
2020-11-13,-0.7834,0.2451,0.9904,1.1018
2020-11-16,-0.741,0.0702,0.9913,1.1001
2020-11-17,-1.01,-0.08,0.99,1.1
2020-11-18,-0.78,0.07,0.99,1.1
2020-11-20,-0.97,-0.09,0.99,1.1
2020-11-23,-0.8,0.084,0.9879,1.101
2020-11-24,-0.7877,0.0776,0.9906,1.102
2020-11-25,-0.7499,0.0746,0.9889,1.0987
2020-11-26,-0.7938,0.0835,0.9878,1.0966
2020-11-27,-0.7937,0.0851,0.9931,1.102
2020-11-30,-1.0469,-0.0379,0.9908,1.0973
2020-12-01,-0.75,0.09,0.99,1.1
2020-12-02,-0.8521,0.019,0.9937,1.0987
2020-12-03,-0.78,0.1,0.99,1.09
2020-12-04,-0.7882,0.0881,0.9913,1.0899
2020-12-10,-0.6872,0.1349,0.9969,1.0558
2020-12-12,-0.7206,0.0572,0.9975,1.0977
2020-12-16,-0.7665,0.0644,0.9874,1.0982
2020-12-18,-0.77,0.069,0.987,1.103
2020-12-19,-0.8546,-0.0119,0.9872,1.0994
2020-12-21,-0.8693,-0.0066,0.9864,1.0931
2020-12-22,-0.7961,0.0549,0.9908,1.1055
2020-12-23,-0.9948,-0.0878,0.9891,1.0969
2020-12-24,-0.7606,0.0525,0.9912,1.1054
2020-12-28,-0.7618,0.0861,0.9875,1.0885
2020-12-29,-0.7593,0.1041,0.989,1.0816
2020-12-31,-0.7927,0.114,0.9919,1.0888
2021-01-04,-0.7664,-0.0038,0.9891,1.105
2021-01-05,-0.8104,0.0584,0.9909,1.1044
2021-01-07,-0.7681,0.0627,0.9873,1.1054
2021-01-08,-0.8406,0.0094,0.9906,1.1064
2021-01-11,-0.7603,0.0548,0.9864,1.1044
2021-01-12,-0.7515,0.0057,0.9865,1.108
2021-01-13,-0.7926,0.0615,0.9911,1.1027
2021-01-14,-0.7927,0.0964,0.9927,1.1068
2021-01-15,-0.789,0.0097,0.9888,1.1088
2021-01-19,-0.763,0.063,0.985,1.102
2021-01-20,-0.9539,0.0078,0.9874,1.1052
2021-01-21,-0.7422,-0.0045,0.986,1.104
2021-01-22,-0.7822,0.0388,0.9881,1.1061
2021-01-25,-0.7854,-0.0331,0.9879,1.1038
2021-01-26,-0.7881,-0.0446,0.9872,1.0984
2021-01-27,-0.9199,-0.1888,0.9937,1.1032
2021-01-28,-0.7468,-0.1008,0.9914,1.0834
2021-01-29,-0.818,-0.1246,0.9939,1.1053
2021-02-01,-0.758,-0.0137,0.9845,1.1031
2021-02-02,-0.7698,-0.019,4.73,0.992
2021-02-03,-0.7581,-0.0423,0.9918,1.1104
2021-02-04,-0.8281,-0.0958,0.9911,1.1077
2021-02-05,-0.7389,-0.0176,0.9873,1.1021
2021-02-06,-0.7693,-0.016,0.9903,1.1062
2021-02-08,-0.7653,-0.0072,0.9883,1.1038
2021-02-09,-0.7652,-0.0043,0.9881,1.1051
2021-02-10,-0.726,-0.009,0.987,1.105
2021-02-11,-0.7021,-0.0007,0.9916,1.1097
2021-02-12,-0.872,-0.153,0.988,1.107
2021-02-15,-0.7154,0.0172,0.9857,1.1045
2021-02-18,-0.7507,0.0227,0.9895,1.1042
2021-02-19,-0.7218,0.0281,4.82,0.9899
2021-02-23,-0.7896,0.0733,0.99,1.0906
2021-02-24,-0.7701,0.0787,0.992,1.0894
2021-02-25,-0.7348,0.0653,0.9909,1.0923
2021-02-26,-0.7269,0.0721,0.9918,1.0906
2021-03-02,-0.737,0.063,0.986,1.092
2021-03-03,-0.9163,-0.083,0.9915,1.0915
2021-03-05,-0.7348,0.0689,0.9908,1.0897
2021-03-06,-0.9636,-0.163,0.9888,1.109
2021-03-09,-0.7431,0.0726,0.9927,1.0927
2021-03-10,-0.7421,0.0584,0.9889,1.0875
2021-03-11,-0.8932,-0.0501,0.9906,1.0927
2021-03-12,-0.7739,0.0693,0.9899,1.0871
2021-03-16,-0.7704,0.0242,0.9935,1.1122
2021-03-17,-0.7369,0.0781,0.993,1.0899
2021-03-18,-0.7415,0.0553,0.9923,1.0917
2021-03-22,-0.7681,0.0645,0.9917,1.0915
2021-03-23,-0.7385,0.0574,0.9919,1.1008
2021-03-24,-0.7399,0.0665,0.9903,1.0901
2021-03-26,-0.7675,0.0705,0.9926,1.0911
2021-03-27,-0.7374,0.0758,0.993,1.0995
2021-03-30,-0.7327,0.0182,0.9924,1.1104
2021-04-01,-0.7684,0.063,0.9915,1.0919
2021-04-05,-0.743,0.0945,0.9876,1.0802
2021-04-06,-0.737,0.073,0.991,1.092
2021-04-07,-0.7291,0.0356,0.9929,1.1124
2021-04-08,-0.7575,0.0865,0.9936,1.087
2021-04-09,-0.729,0.071,0.991,1.093
2021-04-10,-0.735,0.085,0.992,1.089
2021-04-12,-0.7574,0.1145,0.992,1.0741
2021-04-13,-0.7327,0.104,0.9888,1.0731
2021-04-14,-0.7376,0.0789,0.9917,1.0904
2021-04-15,-0.7572,0.0246,0.9921,1.1084
2021-04-16,-0.732,0.0281,0.9955,1.1116
2021-04-20,-0.737,0.0281,0.9908,1.0977
2021-04-21,-0.7311,0.0376,0.9956,1.1073
2021-04-22,-0.726,0.0202,0.9939,1.1099
2021-04-23,-0.7275,0.0427,0.9942,1.1103
2021-04-26,-0.7375,0.0306,0.9922,1.1069
2021-04-27,-0.7978,-0.0174,0.9937,1.1077
2021-04-28,-0.7667,0.0146,0.991,1.107
2021-04-30,-0.7365,0.0355,0.9916,1.1041
2021-05-04,-0.7361,0.0382,0.9939,1.1066
2021-05-05,-0.7264,-0.0103,0.9913,1.1064
2021-05-07,-0.7301,-0.0248,0.9958,1.1099
2021-05-08,-0.7336,0.0172,0.9964,1.1095
2021-05-11,-0.7261,0.037,0.9938,1.1047
2021-05-12,-0.7764,0.0353,0.9832,1.1081
2021-05-13,-0.7381,0.045,0.9917,1.106
2021-05-14,-0.7219,0.029,0.9953,1.1074
2021-05-18,-0.7253,0.0266,0.9958,1.1089
2021-05-19,-0.725,0.0853,0.9948,1.1059
2021-05-20,-0.7217,0.0345,0.9947,1.1063
2021-05-21,-0.7256,0.025,0.9965,1.1119
2021-05-26,-0.7097,0.0302,0.9986,1.1098
2021-05-27,-0.7107,0.0281,0.9944,1.1095
2021-06-01,-0.719,-0.0693,0.9986,1.0982
2021-06-02,-0.7359,-0.033,0.9929,1.1015
2021-06-03,-0.726,-0.0521,0.9948,1.1017
2021-06-04,-0.7513,-0.0003,0.996,1.1066
2021-06-09,-0.7569,0.0206,0.9928,1.1048
2021-06-10,-0.7306,-0.0007,0.9959,1.1807
2021-06-11,-0.7262,0.0136,0.9964,1.1059
2021-06-16,-0.7237,0.0272,0.9945,1.1026
2021-06-17,-0.7336,0.0093,0.9987,1.1092
2021-06-18,-0.721,-0.0055,0.999,1.1085
2021-06-22,-0.7374,0.0167,0.9921,1.1018
2021-06-23,-0.7228,0.0152,0.9931,1.1022
2021-06-24,-0.7277,0.0366,0.9946,1.1032
2021-06-25,-0.7187,0.0231,0.998,1.1078
2021-06-28,-0.7428,0.0921,0.9928,1.0984
2021-06-29,-0.7224,0.0334,0.994,1.104
2021-06-30,-0.7125,0.0321,0.9978,1.107
2021-07-02,-0.7462,0.062,0.9962,1.1
2021-07-06,-0.7089,0.0535,0.999,1.1006
2021-07-08,-0.7361,0.0471,0.9983,1.1009
2021-07-09,-0.7174,0.062,0.9987,1.0998
2021-07-13,-0.7161,0.0728,0.9975,1.0915
2021-07-14,-0.747,0.0791,0.9909,1.0882
2021-07-19,-0.7163,0.102,0.9976,1.0766
2021-07-20,-0.719,0.0978,0.9963,1.0763
2021-07-21,-0.7265,0.0449,0.993,1.097
2021-07-22,-0.7133,0.1095,0.9984,1.0712
2021-07-23,-0.7142,0.1094,0.9968,1.0651
2021-08-03,-0.7072,0.063,0.997,1.1067
2021-08-04,-0.7313,0.0631,0.9957,1.1004
2021-08-05,-0.7183,0.0745,0.997,1.1002
2021-08-11,-0.7147,0.0188,1.002,1.1108
2021-08-13,-0.7154,0.087,0.9981,1.0882
2021-08-14,-0.7275,0.1028,0.9947,1.0819
2021-08-16,-0.7198,0.0673,0.9978,1.1001
2021-08-17,-0.7222,0.1418,0.9937,1.0582
2021-08-18,-0.7207,0.1677,0.9977,1.0664
2021-08-19,-0.7284,0.0607,0.9969,1.0953
2021-08-20,-0.731,0.1364,0.9973,1.0607
2021-08-24,-0.708,0.128,0.999,1.065
2021-08-25,-0.698,0.1173,1.0004,1.0776
2021-08-26,-0.7062,0.1686,0.9985,1.0707
2021-08-27,-0.7091,0.0633,0.9974,1.0982
2021-08-30,-0.7098,0.0416,0.9937,1.0923
2021-09-07,-0.7027,0.0259,0.9978,1.1088
2021-09-08,-0.7085,0.0945,0.9978,1.0915
2021-09-09,-0.7085,0.0836,0.9988,1.0952
2021-09-10,-0.7044,0.0921,0.9986,1.0955
2021-09-13,-0.6976,0.0955,0.9905,1.0823
2021-09-14,-0.6905,0.007,1.0022,1.1123
2021-09-15,-0.8678,-0.0289,0.9963,1.0817
2021-09-16,-0.6949,0.0977,1.0026,1.0923
2021-09-17,-0.7153,0.105,1.0004,1.0916
2021-09-25,-0.726,0.1489,1.0001,1.0691
2021-10-06,-0.6839,0.1239,0.9994,1.0769
2021-10-07,-0.6846,0.1153,0.9984,1.0748
2021-10-08,-0.6857,0.1412,0.9974,1.0623
2021-10-09,-0.6874,0.1515,0.9976,1.0536
2021-10-14,-0.6945,0.1443,0.9969,1.0524
2021-10-18,-0.6801,0.1118,0.9988,1.0734
2021-10-20,-0.7068,0.1601,0.9988,1.0543
2021-10-21,-0.7923,0.0437,0.9962,1.0646
2021-10-27,-0.6587,0.1027,0.9987,1.0718
2021-10-29,-0.6544,0.1078,0.9985,1.0691
2021-11-03,-0.6682,0.0037,0.9986,1.1039
2021-11-05,-0.6664,0.0439,0.9986,1.0988
2021-11-08,-0.6624,0.0794,0.9987,1.0869
2021-11-09,-0.6574,0.0597,0.9972,1.0897
2021-11-10,-0.6638,0.0316,0.9976,1.1032
2021-11-11,-0.6619,0.079,0.9983,1.092
2021-11-12,-0.6555,0.0767,1.0007,1.0878
2021-11-16,-0.6682,0.0927,0.9996,1.0747
2021-11-17,-0.6527,0.0008,1.0001,1.1073
2021-11-18,-0.6544,0.0904,0.9995,1.0712
2021-11-25,-0.6723,0.0595,0.9981,1.0829
2021-11-29,-0.672,0.1325,1.0008,1.0431
2021-11-30,-0.6658,0.1191,0.9994,1.0431
2021-12-01,-0.6683,0.137,0.9995,1.0486
2021-12-02,-0.6675,0.1354,0.9997,1.0413
2021-12-03,-0.662,0.1379,1.0002,1.0431
2021-12-08,-0.6668,0.1108,0.998,1.053
2021-12-09,-0.6703,0.1185,0.9984,1.0486
2021-12-10,-0.6715,0.0995,0.9979,1.0515
2021-12-11,-0.6841,0.1162,0.9979,1.0488
2021-12-13,-0.6801,0.1236,0.9979,1.0452
2021-12-14,-0.6753,0.0892,0.9976,1.0491
2021-12-15,-0.6748,0.1151,0.9974,1.0461
2021-12-16,-0.6848,0.1156,0.9961,1.0507
2021-12-17,-0.69,0.115,0.9974,1.0476
2021-12-18,-0.6937,0.1079,0.9972,1.0458
2021-12-20,-0.6952,0.1197,0.9969,1.046
2021-12-21,-0.6992,0.1108,0.9966,1.053
2021-12-22,-0.7058,0.098,0.9955,1.0597
2021-12-23,-0.7036,0.0896,0.9958,1.069
2021-12-24,-0.7459,0.0288,0.9961,1.0732
2021-12-27,-0.7131,0.0462,0.9962,1.097
2021-12-28,-0.8713,-0.1065,0.9961,1.102
2021-12-29,-0.72,0.0311,0.9956,1.1007
2021-12-30,-0.7235,0.0478,0.9952,1.0978
2021-12-31,-0.7314,0.0506,0.9944,1.0976
2022-01-05,-0.7238,0.0444,0.9946,1.0978
2022-01-11,-0.7339,0.0591,0.9944,1.0977
2022-01-12,-0.8476,-0.0667,0.9944,1.1008
2022-01-13,-0.7417,0.0727,0.9952,1.0935
2022-01-14,-0.741,0.0604,0.995,1.0966
2022-01-17,-0.7376,0.0775,0.9952,1.0928
2022-01-18,-0.7365,0.0705,0.9952,1.0955
2022-01-19,-0.7382,0.0843,0.9943,1.088
2022-01-21,-0.7431,0.0943,0.995,1.0802
2022-01-22,-0.7433,0.0865,0.9949,1.0801
2022-01-24,-0.7493,0.0525,0.996,1.1032
2022-01-26,-0.7396,0.0454,0.9951,1.0963
2022-01-27,-0.7391,0.1096,0.9972,1.0618
2022-01-28,-0.7461,0.1146,0.9958,1.0637
2022-02-07,-0.7452,0.0219,0.9966,1.1059
2022-02-08,-0.7386,0.0191,0.9961,1.1076
2022-02-09,-0.7419,-0.0042,0.9974,1.1063
2022-02-10,-0.7338,-0.0115,0.9972,1.1079
2022-02-11,-0.7379,-0.0119,0.9964,1.1053
2022-02-14,-0.7645,-0.0717,0.9953,1.1002
2022-02-15,-0.9807,-0.2087,0.996,1.108
2022-02-16,-0.7466,-0.0261,0.9937,1.1063
2022-02-17,-0.7532,-0.022,0.9949,1.1061
2022-02-18,-0.7456,-0.0142,0.9954,1.1047
2022-02-21,-0.8478,-0.1562,0.9983,1.1071
2022-02-23,-0.7729,-0.001,0.9961,1.104
2022-02-24,-0.7566,0.0001,0.9948,1.1045
2022-02-25,-0.7494,-0.0066,0.9958,1.1034
2022-02-26,-0.7749,0.0063,0.9957,1.1015
2022-03-08,-0.7352,0.0052,0.9937,1.1006
2022-03-09,-0.7422,0.0077,0.9941,1.1001
2022-03-11,-0.7417,-0.0167,0.9935,1.1026
2022-03-18,-0.8019,0.0026,0.9957,1.1031
2022-03-22,-0.7785,-0.0211,0.9948,1.1057
2022-03-30,-0.7935,-0.0232,0.994,1.1035
2022-04-01,-0.837,-0.0665,0.9929,1.1051
2022-04-11,-0.7798,0.0273,0.995,1.0888
2022-04-13,-0.9233,-0.1318,0.9945,1.093
2022-04-14,-0.7674,0.0207,0.9939,1.0937
2022-04-19,-0.8056,-0.0198,0.9938,1.095
2022-04-20,-0.8298,0.0017,0.9936,1.0969
2022-04-21,-1.0239,-0.0648,0.9938,1.0942
2022-04-22,-0.7695,0.0109,0.9933,1.094
2022-04-25,-0.7742,0.0177,0.9925,1.0923
2022-04-27,-0.7684,0.0089,0.9946,1.1011
2022-04-29,-0.7703,0.0304,0.9937,1.0936
2022-05-03,-0.7807,-0.0441,0.9943,1.11
2022-05-04,-0.7975,-0.0097,0.994,1.0997
2022-05-05,-0.7817,-0.0116,0.9931,1.1014
2022-05-06,-0.7932,-0.0042,0.995,1.1006
2022-05-07,-0.7825,-0.0035,0.9944,1.0991
2022-05-09,-0.7826,-0.0129,0.9943,1.1003
2022-05-10,-0.8657,-0.0971,0.9943,1.1004
2022-05-11,-0.8289,-0.0473,0.9949,1.1031
2022-05-12,-0.8273,-0.06,0.9936,1.1003
2022-05-13,-0.7778,-0.0231,0.9947,1.1042
2022-05-20,-0.7714,-0.1106,0.9946,1.0943
2022-05-24,-0.7792,-0.1121,0.9947,1.0888
2022-05-26,-0.7677,-0.0506,0.9957,1.1075
2022-05-30,-0.7707,-0.0456,0.9937,1.1078
2022-05-31,-0.7629,-0.0365,0.9945,1.106
2022-06-02,-0.7594,-0.0348,0.9937,1.1091
2022-06-03,-0.779,-0.0448,0.9949,1.1081
2022-06-04,-0.7716,-0.0301,0.9944,1.1084
2022-06-09,-0.9202,-0.1684,0.9941,1.1094
2022-06-10,-0.7835,-0.0402,0.9947,1.107
2022-06-11,-0.7834,-0.0367,0.9935,1.1065
2022-06-13,-0.7688,-0.0007,0.9938,1.1064
2022-06-14,-1.0143,-0.2056,0.9947,1.1074
2022-06-17,-0.7805,-0.0369,0.9935,1.107
2022-06-20,-0.7831,0.007,1.0389,1.1213
2022-06-29,-0.7818,-0.0409,0.9942,1.1113
2022-06-30,-0.7876,-0.035,0.9925,1.1068
2022-07-01,-0.794,0.0022,0.9949,1.1046
2022-07-04,-0.7771,-0.0578,0.9938,1.1051
2022-07-07,-0.9958,-0.1657,0.9947,1.1062
2022-07-08,-0.7962,0.0192,0.9956,1.0994
2022-07-13,-0.7936,0.0119,0.9958,1.1026
2022-07-15,-0.7992,0.0411,0.996,1.0889
2022-07-18,-0.7871,0.0365,0.9934,1.0982
2022-07-19,-0.7988,0.0316,0.9939,1.0953
2022-07-20,-0.7959,0.0594,0.9954,1.0828
2022-07-21,-0.8014,0.0233,0.994,1.1024
2022-07-22,-0.8297,0.0071,0.9952,1.103
2022-07-26,-0.8064,0.0253,0.9927,1.0985
2022-07-27,-0.8097,0.0211,0.9945,1.1011
2022-08-02,-0.8117,0.0103,0.9962,1.1026
2022-08-17,-0.8077,0.0366,0.9958,1.0954
2022-08-22,-0.8198,-0.001,0.9956,1.1035
2022-08-24,-0.8184,-0.0002,0.9953,1.1053
2022-08-26,-0.8135,-0.0114,0.9968,1.1099
2022-09-06,-0.826,0.0265,0.9975,1.0969
2022-09-10,-0.8268,0.0066,0.998,1.1
2022-09-13,-0.8193,0.0073,1.0007,1.1077
2022-09-15,-0.8259,0.0033,9977,1.107
2022-09-16,-0.8184,0.0123,0.9979,1.1069
2022-09-21,-0.8272,0.0168,0.998,1.102
2022-09-22,-0.8113,0.007,0.9976,1.1063
2022-09-23,-0.8231,0.009,0.9992,1.1053
2022-10-01,-0.8212,0.0492,0.9968,1.0868
2022-10-11,-0.8191,-0.012,0.9985,1.1097
2022-10-14,-0.8186,0.0013,0.9957,1.105
2022-10-15,-0.8958,-0.0951,0.9939,1.1072
2022-10-18,-0.8155,-0.0164,1,1.1108
2022-10-19,-0.8594,-0.0557,0.9973,1.1084
2022-10-20,-0.8172,-0.0053,0.9937,1.1036
2022-10-21,-0.8193,-0.0145,0.9991,1.1102
2022-10-22,-0.8224,-0.0173,0.9972,1.1104
2022-10-26,-0.8328,0.0028,0.9967,1.1079
2022-10-27,-0.8329,0.0169,0.9971,1.1052
2022-10-29,-0.84,0.0404,0.9978,1.1004
2022-11-02,-0.8289,0.0337,0.9963,1.0997
2022-11-03,-0.8269,0.0205,0.9967,1.1035
2022-11-04,-0.914,-0.075,0.9959,1.1002
2022-11-07,-0.8088,0.0137,0.9963,1.1034
2022-11-09,-0.816,-0.0445,0.998,1.1122
2022-11-10,-0.8184,-0.0237,0.9971,1.1094
2022-11-11,-0.8225,0.0053,0.9972,1.1063
2022-11-12,-0.8227,-0.0443,0.9978,1.1106
2022-11-14,-0.8246,-0.019,0.9967,1.11
2022-11-15,-0.8136,-0.0842,0.9988,1.1053
2022-11-16,-0.8167,-0.0429,0.9954,1.1088
2022-11-22,-0.8694,-0.0539,0.9983,1.0949
2022-11-23,-0.8486,-0.0405,1.1001,1.1146
2022-11-24,-1.1058,-0.2327,0.9985,1.1109
2022-11-26,-0.8528,0.0141,0.9976,1.1029
2022-11-28,-0.8891,-0.0286,1,1.1075
2022-11-29,-0.8783,0.0144,1.1016,1.1085
2022-11-30,-0.8755,-0.0334,0.9999,1.1112
2022-12-02,-0.8824,0.0168,1.001,1.1075
2022-12-03,-0.8726,-0.0099,0.9989,1.1162
2022-12-05,-0.8821,-0.0202,1.0003,1.1098
2022-12-09,-0.8788,-0.0289,1.0002,1.11
2022-12-10,-1.1278,-0.2829,0.997,1.1004
2022-12-12,-0.8873,-0.0475,0.9995,1.1113
2022-12-13,-0.894,-0.0852,1.0014,1.1104
2022-12-14,-0.8879,-0.083,1.0012,1.1085
2022-12-15,-0.8801,-0.0586,0.9993,1.1096
2022-12-16,-0.8832,-0.0482,0.9983,1.1127
2022-12-17,-0.8846,-0.0396,1,1.1106
2022-12-19,-1.1557,-0.2248,0.9979,1.1112
2022-12-20,-0.982,-0.1312,1.0007,1.1126
2022-12-21,-0.88,-0.0829,0.9987,1.1076
2022-12-22,-0.8815,-0.0648,1.0021,1.115
2022-12-27,-0.8855,-0.0311,1.0007,1.1122
2022-12-28,-0.8892,-0.0318,1.0006,1.1124
2022-12-29,-0.8896,-0.0395,1.0005,1.1129
2022-12-30,-0.895,-0.0598,1.0007,1.1117
2022-12-31,-0.897,-0.0072,1.0027,1.1104
2023-01-02,-0.9014,-0.0378,1.003,1.1135
2023-01-03,-1.1654,-0.2606,0.9992,1.1124
2023-01-09,-0.9089,-0.0733,0.9996,1.111
2023-01-10,-0.9065,-0.0676,1.0033,1.113
2023-01-11,-0.9124,-0.0393,1.00271,1.1131
2023-01-12,-0.9193,-0.0754,1.0017,1.1155
2023-01-13,-0.9267,-0.0082,1.0059,1.1122
2023-01-16,-0.9278,0.0143,1.0053,1.1079
2023-01-17,-0.9404,-0.0419,1.0042,1.1106
2023-01-19,-0.9396,-0.0691,1.006,1.1131
2023-01-23,-0.9713,-0.0468,1.0099,1.1134
2023-01-25,-0.9715,-0.0566,1.0112,1.1146
2023-01-27,-0.9793,-0.0615,1.0108,1.1119
2023-01-28,-0.9821,-0.0809,1.0098,1.1091
2023-01-30,-0.9816,-0.0562,1.0116,1.1115
2023-01-31,-0.9822,-0.0742,1.0101,1.1099
2023-02-01,-0.9813,-0.066,1.0113,1.114
2023-02-02,-0.981,-0.0851,1.0101,1.1091
2023-02-06,-0.9996,-0.1321,1.0119,1.0937
2023-02-09,-0.9895,-0.0536,1.0112,1.1131
2023-02-13,-1.1716,-0.1994,1.0113,1.1145
2023-02-14,-0.9755,-0.0781,1.0093,1.1112
2023-02-21,-0.9804,-0.0272,1.0078,1.1069
2023-02-22,-0.963,-0.0283,1.0058,1.1143
2023-02-23,-0.9608,-0.048,1.0062,1.1116
2023-02-24,-0.9497,-0.093,1.0037,1.1096
2023-02-27,-0.9639,-0.123,1.0043,1.1025
2023-02-28,-0.9605,-0.0716,1.0063,1.1132
2023-03-01,-0.9587,-0.0997,1.0051,1.1131
2023-03-02,-1.0329,-0.1904,1.0048,1.1152
2023-03-06,-0.9756,-0.0801,1.01,1.1111
2023-03-07,-0.9717,-0.0853,1.0062,1.1091
2023-03-08,-1.0904,-0.1951,1.0081,1.111
2023-03-09,-1.02,-0.155,1.009,1.106
2023-03-10,-0.9736,-0.0697,1.0094,1.1144
2023-03-13,-0.9717,-0.1034,1.0052,1.1046
2023-03-14,-0.9635,-0.118,1.0047,1.1122
2023-03-17,-1.2239,-0.2751,1.0025,1.1069
2023-03-23,-0.9505,-0.085,1.0036,1.1082
2023-03-24,-0.9511,-0.1333,1.0052,1.1003
2023-03-27,-0.9663,-0.1458,1.007,1.0908
2023-04-03,-0.9838,-0.098,1.0088,1.1118
2023-04-11,-1.0446,-0.0895,1.1065,1.1107
2023-04-13,-1.0543,-0.0976,1.0176,1.1103
2023-04-14,-1.0608,-0.0914,1.0193,1.1127
2023-04-15,-1.0573,-0.1123,1.0175,1.1093
2023-04-18,-1.0607,-0.1526,1.0189,1.1024
2023-04-20,-1.0672,-0.0918,1.0206,1.1103
2023-04-21,-1.3414,-0.2806,1.0179,1.1044
2023-04-22,-1.069,-0.0972,1.0212,1.1062
2023-04-25,-1.0652,-0.0867,1.0188,1.1076
2023-04-29,-1.0802,-0.0711,1.0251,1.1127
2023-05-04,-1.0946,-0.1006,1.0258,1.1089
2023-05-05,-1.0829,-0.1007,1.0261,1.106
2023-05-09,-1.0825,-0.0922,1.0257,1.1117
2023-05-10,-1.086,-0.0875,1.0237,1.113
2023-05-11,-1.089,-0.0558,1.0249,1.1129
2023-05-12,-1.0841,-0.0536,1.0245,1.1137
2023-05-13,-1.0894,-0.0435,1.0264,1.1151
2023-05-17,-1.0788,-0.0337,1.0241,1.1139
2023-05-18,-1.08,-0.0498,1.0239,1.114
2023-05-19,-1.0829,-0.0416,1.0249,1.1156
2023-05-25,-1.0746,-0.0785,1.0259,1.1104
2023-05-29,-1.072,-0.0682,1.0358,1.1116
2023-05-30,-1.0734,-0.0858,1.0333,1.1102
2023-05-31,-1.0714,-0.0803,1.0329,1.1104
2023-06-02,-1.071,-0.0948,1.0328,1.1101
2023-06-03,-1.0562,-0.0875,1.0304,1.1108
2023-06-05,-1.2748,-0.2609,1.0298,1.1028
2023-06-06,-1.05,-0.1125,1.0286,1.0994
2023-06-07,-1.0476,-0.1088,1.0277,1.1025
2023-06-09,-1.0344,-0.1049,1.0276,1.1033
2023-06-12,-1.025,-0.1061,1.0301,1.1049
2023-06-13,-1.025,-0.0951,1.0316,1.1052
2023-06-15,-1.0227,-0.0921,1.0291,1.1099
2023-06-16,-1.0242,-0.0897,1.0281,1.1096
2023-06-17,-1.0231,-0.0912,1.0318,1.1051
2023-06-19,-1.0141,-0.1125,1.0296,1.1037
2023-06-21,-1.022,-0.0959,1.0319,1.107
2023-06-22,-1.0066,-0.1146,1.0294,1.0994
2023-06-29,-1.0177,-0.1047,1.0276,1.1086
2023-07-01,-1.0315,-0.1394,1.0299,1.1106
2023-07-03,-1.029,-0.0771,1.034,1.108
2023-07-05,-1.0253,-0.0486,1.0271,1.1136
2023-07-06,-1.0206,-0.0783,1.035,1.1043
2023-07-07,-1.027,-0.1072,1.0339,1.1025
2023-07-08,-1.03,-0.0458,1.0307,1.1137
2023-07-11,-1.0142,-0.0491,1.0267,1.1152
2023-07-12,-1.0258,-0.0309,1.0287,1.1098
2023-07-13,-1.0221,-0.0484,1.0296,1.1136
2023-07-14,-1.322,-0.0405,1.0315,1.1128
2023-07-15,-1.0216,-0.0646,1.0328,1.1138
2023-07-17,-1.0229,-0.0256,1.0267,1.1098
2023-07-19,-1.0384,-0.0279,1.0336,1.1119
2023-07-20,-1.0378,-0.0375,1.029,1.1084
2023-07-21,-1.0326,-0.0361,1.0281,1.1097
2023-07-22,-1.0289,-0.0387,1.0297,1.1142
2023-07-28,-1.0395,-0.038,1.0289,1.1137
2023-08-01,-1.0312,-0.0357,1.0232,1.1111
2023-08-02,-1.0156,-0.0877,1.0266,1.1062
2023-08-10,-1.0115,-0.154,1.0275,1.0984
2023-08-11,-1.0101,-0.0912,1.0223,1.1149
2023-08-14,-1.3182,-0.2051,1.0221,1.1155
2023-08-16,-1.0069,-0.0689,1.0221,1.1129
2023-08-17,-1.0093,-0.0526,1.023,1.1124
2023-08-18,-1.012,-0.0778,1.022,1.1138
2023-08-21,-1.2289,-0.2303,1.0246,1.1139
2023-08-23,-1.0157,-0.1159,1.0243,1.111
2023-08-24,-1.0201,-0.0824,1.0225,1.1149
2023-08-25,-1.0237,-0.08,1.0198,1.1119
2023-08-28,-1.0289,-0.0981,1.0287,1.1163
2023-08-29,-1.0217,-0.0885,1.0276,1.116
2023-08-30,-1.0301,-0.1429,1.0312,1.0897
2023-08-31,-1.033,-0.1199,1.0335,1.0956
2023-09-01,-1.0347,-0.1822,1.0316,1.0787
2023-09-02,-1.0394,-0.1682,1.0304,1.0716
2023-09-05,-1.0448,-0.1176,1.0343,1.1048
2023-09-06,-1.3131,-0.2072,1.036,1.0998
2023-09-07,-1.1071,-0.116,1.0357,1.1011
2023-09-08,-1.0558,-0.1328,1.0368,1.1084
2023-09-09,-1.0532,-0.1195,1.0381,1.0991
2023-09-11,-1.0677,-0.1729,1.0454,1.0856
2023-09-12,-1.1872,-0.2254,1.0451,1.0921
2023-09-13,-1.0817,-0.1688,1.0439,1.079
2023-09-14,-1.08363,-0.16,1.0462,1.086
2023-09-15,-1.0879,-0.1807,1.0448,1.0743
2023-09-18,-1.0751,-0.1589,1.0414,1.0743
2023-09-19,-1.0831,-0.167,1.0438,1.0805
2023-09-20,-1.0768,-0.1736,1.0418,1.0772
2023-09-21,-1.0765,-0.1698,1.0399,1.0786
2023-09-26,-1.0728,-0.2121,1.0445,1.0774
2023-09-30,-1.0779,-0.1617,1.047,1.0827
2023-10-02,-1.0801,-0.1738,1.0455,1.0801
2023-10-03,-1.0847,-0.1446,1.0468,1.0991
2023-10-04,-1.0836,-0.1474,1.046,1.087
2023-10-05,-1.0947,-0.149,1.051,1.0966
2023-10-06,-1.1028,-0.162,1.0485,1.102
2023-10-10,-1.1001,-0.1409,1.0501,1.1029
2023-10-11,-1.1052,-0.1588,1.0522,1.1079
2023-10-13,-1.106,-0.1386,1.0533,1.1096
2023-10-16,-1.0998,-0.2253,1.0491,1.0651
2023-10-17,-1.1053,-0.164,1.0507,1.0866
2023-10-18,-1.1057,-0.1617,1.052,1.0865
2023-10-19,-1.1058,-0.2114,1.0512,1.0686
2023-10-20,-1.1069,-0.12,1.0502,1.0982
2023-10-21,-1.1054,-0.1347,1.0519,1.105
2023-10-28,-1.1517,-0.0909,1.077,1.1137
2023-10-30,-1.1548,-0.1087,1.0769,1.1024
2023-10-31,-1.1444,-0.1262,1.0708,1.1132
2023-11-03,-1.151,-0.1082,1.0708,1.1116
2023-11-06,-1.155,-0.1261,1.0733,1.1126
2023-11-07,-1.1623,-0.0635,1.0674,1.116
2023-11-08,-1.153,-0.0631,1.0713,1.1182
2023-11-09,-1.1546,-0.0674,1.0742,1.1177
2023-11-10,-1.1615,-0.0627,1.0692,1.1156
2023-11-14,-1.1557,-0.0626,1.0731,1.119
2023-11-16,-1.2633,-0.1379,1.0741,1.1173
2023-11-17,-1.1604,-0.0492,1.0781,1.1185
2023-11-18,-1.1551,-0.0917,1.0717,1.1177
2023-11-22,-1.163,-0.0501,1.0585,1.1157
2023-11-23,-1.1613,-0.037,1.0602,1.1192
2023-11-24,-1.1599,-0.0545,1.0564,1.116
2023-11-27,-1.1875,-0.083,1.0671,1.1162
2023-11-28,-1.1767,-0.0719,1.0683,1.1167
2023-11-29,-1.1781,-0.0934,1.0779,1.118
2023-11-30,-1.1796,-0.0824,1.0755,1.1159
2023-12-01,-1.1902,-0.0745,1.0679,1.1152
2023-12-02,-1.1785,-0.0793,1.0611,1.1148
2023-12-04,-1.176,-0.0818,1.0608,1.1175