date,Vault_temp,Strain_Gauge_7,Strain_Gauge_8,Strain_Gauge_9,p1ex,p1ey
2022-06-23,23.12886442,16679.24451,91485.18677,81835.73235,-0.778798133,0.014580265
2022-06-24,23.09046244,16589.8876,91380.4624,81735.58585,-0.779236563,0.013866658
2022-06-25,23.22806135,16711.32749,91513.45588,81854.29846,-0.779628116,0.013177298
2022-06-26,23.02392671,16690.77627,91480.39526,81829.1972,-0.77997974,0.012552405
2022-06-27,22.84872026,16625.85517,91431.34026,81781.06493,-0.780295726,0.011990199
2022-06-28,23.00405481,16614.65003,91453.16447,81799.22223,-0.780579709,0.011484861
2022-06-29,23.05630187,16656.55468,91487.67735,81831.73699,-0.780834934,0.011030689
2022-06-30,23.03772694,16676.51431,91491.17106,81841.51955,-0.779777312,-0.03679849
2022-07-01,23.74565231,16737.63073,91553.20161,81890.1206,-0.785595592,-0.036109544
2022-07-02,24.09693402,16873.78023,91704.78874,81983.88414,-0.792693817,0.00088721
2022-07-03,24.27375716,16931.64919,91779.8321,82012.3598,-0.793521196,0.004705036
2022-07-04,24.37031381,16930.68958,91754.09799,81977.24684,-0.793647026,0.004861366
2022-07-05,24.37181527,16947.57145,91761.97661,81979.93839,-0.776960377,-0.054762524
2022-07-06,24.32328947,17015.91842,91837.4971,82053.32671,-0.775304278,-0.060998286
2022-07-07,24.4063485,17045.77116,91878.85924,82082.98026,-0.775300283,-0.061334016
2022-07-08,24.39189225,17028.40717,91855.16225,82058.60103,-0.991974858,-0.167870528
2022-07-09,24.36710836,17058.26763,91888.00655,82089.6414,-0.816382578,0.004722168
2022-07-10,24.31287237,17072.10412,91914.64303,82106.18993,-0.797006918,0.023284443
2022-07-11,24.18635279,17046.51692,91898.32029,82079.13014,-0.79499673,0.02477307
2022-07-12,24.33443407,17043.24009,91941.08419,82091.37041,-0.794904005,0.024420357
2022-07-13,24.38966256,17075.9523,91974.0705,82118.57876,-0.795011372,0.023915253
2022-07-14,24.48269461,17108.04668,92008.05702,82145.79296,-0.792555085,0.01621337
2022-07-15,24.51566617,17144.50003,92047.51167,82176.35808,-0.792403499,0.015054979
2022-07-16,24.53708266,17180.11121,92093.61856,82209.10756,-0.798040025,0.043563191
2022-07-17,24.52780981,17199.52583,92120.50058,82226.38125,-0.798708076,0.046192325
2022-07-18,24.41883856,17164.86519,92085.26194,82187.91064,-0.798819154,0.04599693
2022-07-19,24.60852642,17148.07664,92082.83717,82186.54127,-0.786885538,0.040982666
2022-07-20,24.67501998,17182.76177,92110.80875,82209.6767,-0.797294478,0.0352268
2022-07-21,24.70415141,17218.66003,92149.2224,82238.83206,-0.795599869,0.061846801
2022-07-22,24.7027391,17220.72795,92151.04779,82240.49902,-0.80090242,0.028549589
2022-07-23,24.69839952,17219.22672,92149.05006,82239.26712,-0.829494457,0.008709405
2022-07-24,24.71552712,17306.34986,92117.42597,82415.09732,-0.83237216,0.00658054
2022-07-25,24.76433125,17312.19043,92130.4342,82435.05323,-0.832419436,0.006414405
2022-07-26,24.70859845,17313.84472,92149.23047,82448.29378,-0.832179414,0.006459495
2022-07-27,24.87846417,17324.18773,92169.3141,82462.20959,-0.808865265,0.02453965
2022-07-28,24.98081361,17330.94449,92165.78426,82454.32656,-0.809578976,0.022258097
2022-07-29,24.96853865,17335.20097,92155.34587,82440.67865,-0.809661239,0.021925713
2022-07-30,24.98536835,17353.15919,92165.73143,82449.45007,-0.809672954,0.02181816
2022-07-31,25.04026784,17338.46385,92159.51242,82431.77105,-0.80967656,0.02174277
2022-08-01,24.89239094,17222.49854,92039.79485,82308.88639,-0.80967903,0.021677382
2022-08-02,24.98404629,17153.02412,91969.47557,82250.09335,-0.809681164,0.021618879
2022-08-03,25.0787331,17178.57729,91979.05557,82271.41681,-0.811663073,0.010874329
2022-08-04,24.42609367,17152.54102,91934.53756,82241.17537,-0.811864587,0.009748185
2022-08-05,24.11771934,17071.45,91866.06792,82195.53286,-0.811869926,0.009685234
2022-08-06,24.08904792,17063.65931,91860.05694,82191.2909,-0.811855166,0.009734268
2022-08-07,24.09092722,17063.89982,91860.83281,82191.57078,-0.811839725,0.009790087
2022-08-08,23.85051784,16956.30871,91729.66025,82111.0196,-0.811825606,0.009841561
2022-08-09,23.90438373,16937.33363,91717.44831,82095.91301,-0.811812889,0.009887968
2022-08-10,24.03457914,16988.19209,91768.5793,82140.53927,-0.811801458,0.009929692
2022-08-11,24.09577216,17018.80822,91797.27224,82161.23016,-0.811791183,0.009967192
2022-08-12,24.10077708,17015.24268,91787.13557,82149.9642,-0.811781949,0.010000894
2022-08-13,24.10546217,16988.61707,91755.26934,82118.31532,-0.811773651,0.010031184
2022-08-14,24.13221439,16968.08447,91726.61162,82093.68648,-0.811766192,0.010058407
2022-08-15,24.06027667,16964.11849,91717.74243,82092.99072,-0.811759489,0.010082872
2022-08-16,23.97264278,16967.81314,91723.29141,82102.02772,-0.811753465,0.01010486
2022-08-17,23.92828914,16983.40294,91752.0509,82130.92871,-0.81174805,0.010124622
2022-08-18,23.91735029,16975.80164,91762.63835,82133.63306,-0.807783184,0.036179382
2022-08-19,23.92253419,16971.34976,91775.05061,82137.26481,-0.807379211,0.038822714
2022-08-20,23.92399552,16979.09661,91783.97224,82148.00139,-0.807367685,0.038887002
2022-08-21,23.91631069,16992.20014,91807.05827,82162.18401,-0.807396441,0.038687601
2022-08-22,23.86971265,16998.00851,91806.01704,82167.84389,-0.807426637,0.038479777
2022-08-23,23.85076502,16977.4388,91796.84347,82147.38354,-0.819433259,0.001065815
2022-08-24,23.91393949,16948.05488,91771.45615,82122.69785,-0.820666928,-0.002861505
2022-08-25,23.84661204,16918.95093,91719.90394,82082.55866,-0.819326271,-0.002294701
2022-08-26,23.79305379,16913.91244,91718.215,82083.54576,-0.819108841,-0.002049498
2022-08-27,23.78946427,16914.1923,91718.82601,82084.28047,-0.814172302,-0.012946523
2022-08-28,23.79119467,16914.97881,91719.61201,82084.92383,-0.813618141,-0.013897038
2022-08-29,23.79330132,16915.7452,91720.34477,82085.50014,-0.813552093,-0.013767356
2022-08-30,23.79525601,16916.4406,91721.00626,82086.01788,-0.813540799,-0.013541326
2022-08-31,24.11545157,16889.04687,91545.77575,81904.62774,-0.813535998,-0.013326004
2022-09-01,24.26239415,16961.94124,91704.44018,82030.34436,-0.813532278,-0.013131131
2022-09-02,24.1491122,17005.12204,91753.66685,82079.08079,-0.813529001,-0.012955842
2022-09-03,24.13522439,17009.49539,91759.03176,82084.62936,-0.813526063,-0.012798287
2022-09-04,24.1325259,17009.5944,91759.52765,82085.35977,-0.813523424,-0.012656686
2022-09-05,24.13118921,17009.25706,91759.49201,82085.54263,-0.813521052,-0.012529424
2022-09-06,24.13010899,17008.90645,91759.40643,82085.65428,-0.81351892,-0.01241505
2022-09-07,25.02315908,17315.59524,92151.52992,82352.44544,-0.825892004,0.025208742
2022-09-08,25.10973333,17348.98026,92196.91041,82375.92494,-0.827139032,0.029087335
2022-09-09,25.27259913,17376.41511,92235.77101,82406.77335,-0.827161222,0.029242334
2022-09-10,25.32821382,17335.26857,92188.00939,82355.64763,-0.827058931,0.029011024
2022-09-11,25.32515703,17328.35173,92179.79926,82348.29115,-0.827745398,0.0090609
2022-09-12,25.3165082,17325.48039,92176.2832,82345.97367,-0.827728959,0.006844407
2022-09-13,25.30807857,17323.27201,92173.55298,82344.36867,-0.827643709,0.006600761
2022-09-14,25.30042952,17321.32869,92171.14708,82342.97937,-0.82013425,0.007269328
2022-09-15,25.29354694,17319.58677,92168.99013,82341.73668,-0.819308222,0.007338945
2022-09-16,25.28736044,17318.02176,92167.0522,82340.62049,-0.825758879,0.003382402
2022-09-17,25.28180034,17316.61529,92165.31059,82339.6174,-0.818991645,0.011889331
2022-09-18,25.27680328,17315.35126,92163.74536,82338.71591,-0.818261674,0.012776984
2022-09-19,25.27231227,17314.21524,92162.33863,82337.9057,-0.818201126,0.012822821
2022-09-20,25.26827605,17313.19426,92161.07437,82337.17755,-0.81821297,0.012780351
2022-09-21,25.26464857,17312.27667,92159.93813,82336.52313,-0.818230987,0.012732872
2022-09-22,25.25225357,17124.67391,91893.78487,82131.53063,-0.82696,0.017144166
2022-09-23,25.23882469,17126.71671,91888.66143,82132.7894,-0.812113501,0.00785232
2022-09-24,25.23520748,17127.87516,91889.60339,82134.18399,-0.822237636,0.008826427
2022-09-25,23.54274268,17208.84237,91985.12827,82224.45286,-0.823327663,0.008939459
2022-09-26,23.1493842,17203.08498,92004.40447,82232.27912,-0.823416176,0.008956211
2022-09-27,23.1465489,17213.30989,92052.68041,82274.59432,-0.823396571,0.008961827
2022-09-28,23.09988757,17237.2544,92100.52251,82321.28659,-0.823367919,0.008965824
2022-09-29,23.21070316,17261.81602,92142.68913,82355.15269,-0.823340941,0.0089693
2022-09-30,23.22041086,17272.29963,92156.20356,82362.93924,-0.823316559,0.008972411
2022-10-01,23.01286113,17238.82055,92117.08811,82331.56946,-0.82329463,0.008975205
2022-10-02,22.92155761,17216.05071,92125.55343,82322.83416,-0.821393921,0.048775716
2022-10-03,23.03386626,17219.53411,92148.57527,82335.57405,-0.821186397,0.052793952
2022-10-04,23.08976127,17247.18332,92188.25697,82364.00562,-0.821166869,0.05287232
2022-10-05,23.09293913,17256.61887,92203.8133,82375.35595,-0.821167898,0.052549648
2022-10-06,23.1706341,17253.96563,92208.57935,82372.13037,-0.82117089,0.052215913
2022-10-07,23.26049088,17222.75246,92171.60234,82333.46805,-0.821173809,0.051911107
2022-10-08,23.26488011,17180.60291,92115.26058,82282.28903,-0.821176458,0.051636627
2022-10-09,23.18586319,17138.09259,92055.31242,82233.01738,-0.821178842,0.051389882
2022-10-10,23.12612868,17078.36325,92006.22847,82177.27091,-0.821180984,0.051168119
2022-10-11,23.2456239,17040.54084,91973.7097,82156.06373,-0.82118291,0.050968811
2022-10-12,23.27071219,16989.56375,91909.67173,82094.7746,-0.819105641,-0.009798312
2022-10-13,23.09082913,16918.15545,91820.46315,82013.70552,-0.818897406,-0.016073177
2022-10-14,23.07134707,16893.81036,91810.09407,82006.1152,-0.818894816,-0.016334077
2022-10-15,23.04875205,16944.73897,91859.17113,82065.31265,-0.818418024,-0.0028031
2022-10-16,23.00167068,16997.72839,91899.90969,82119.36997,-0.894814722,-0.096516723
2022-10-17,22.9063085,17004.26816,91920.0819,82124.89809,-0.902543067,-0.105760581
2022-10-18,23.07536244,16968.83653,91918.61255,82103.64463,-0.902709026,-0.105725514
2022-10-19,23.0900399,16941.1449,91882.97423,82067.86419,-0.822606809,-0.026852711
2022-10-20,23.04073864,16955.94855,91875.57405,82072.13354,-0.857417975,-0.056931687
2022-10-21,23.04177911,16994.80576,91917.00778,82110.73562,-0.819299473,-0.009932733
2022-10-22,23.23800695,16984.77084,91937.78698,82102.57729,-0.817377671,-0.013923891
2022-10-23,23.31668542,16980.17874,91941.3589,82082.59397,-0.8204275,-0.017146857
2022-10-24,23.25936958,16958.23347,91913.73362,82037.97534,-0.820910008,-0.017482936
2022-10-25,23.1312118,16899.55047,91849.02392,81989.08259,-0.821092358,-0.01750008
2022-10-26,23.29271622,16960.98717,91918.30533,82060.89563,-0.821228281,-0.017483787
2022-10-27,23.46932849,17089.60816,92044.65173,82169.1258,-0.831643328,0.002433383
2022-10-28,23.61363106,17229.76807,92173.15043,82285.24559,-0.832887933,0.018417095
2022-10-29,23.62769217,17348.81093,92304.96992,82379.72974,-0.83301348,0.019878928
2022-10-30,23.60533975,17430.55069,92391.72456,82448.20152,-0.840044821,0.043022008
2022-10-31,23.38360345,17408.86268,92370.31168,82415.24215,-0.840743921,0.045100335
2022-11-01,23.1327042,17262.2729,92242.2084,82305.38882,-0.840746878,0.044885138
2022-11-02,23.11259566,17115.69893,92121.73612,82204.82042,-0.840679955,0.044459956
2022-11-03,22.99850084,17053.01171,92071.63847,82159.47362,-0.829623067,0.037419041
2022-11-04,22.96080257,17077.23419,92084.87154,82188.50427,-0.826472302,0.023312236
2022-11-05,22.55715096,17013.76621,92021.41686,82139.64382,-0.912424718,-0.072896546
2022-11-06,21.98326169,16954.8226,91994.17557,82096.68615,-0.921161735,-0.082706735
2022-11-07,21.81748241,16865.04998,91963.36106,82024.44489,-0.921390881,-0.082994147
2022-11-08,21.93792875,16812.21591,91970.4114,81997.04768,-0.816600616,0.005509585
2022-11-09,22.29961079,16836.78751,92015.73578,82023.27555,-0.805419534,0.015097095
2022-11-10,22.33117281,16803.10236,91955.2341,81964.87907,-0.811733668,-0.041687892
2022-11-11,22.21929754,16761.90642,91893.68057,81911.1715,-0.815125051,-0.027027481
2022-11-12,22.2017751,16786.91725,91911.08328,81938.90497,-0.819817935,0.003448034
2022-11-13,22.24722775,16775.10004,91901.3079,81930.95876,-0.820726609,-0.042441738
2022-11-14,22.20248039,16724.96905,91843.93349,81873.57629,-0.820995082,-0.047197959
2022-11-15,22.17017898,16685.63022,91806.10911,81845.68871,-0.823056372,-0.022365764
2022-11-16,22.1729358,16650.69086,91755.44215,81813.99352,-0.812511427,-0.084127626
2022-11-17,21.99883379,16583.38522,91664.78191,81742.24463,-0.814623904,-0.049423326
2022-11-18,22.05639528,16513.79141,91600.91255,81691.59794,-0.815022001,-0.045365797
2022-11-19,21.89335122,16507.75554,91584.60856,81684.40602,-0.81521283,-0.044738122
2022-11-20,21.88585961,16616.48777,91722.70849,81817.43553,-0.815365758,-0.044509924
2022-11-21,22.03892732,16800.92519,91925.063,82002.21174,-0.815501133,-0.044342211
2022-11-22,21.95370867,16820.16347,91931.73043,81984.24429,-0.815622568,-0.04419564
2022-11-23,21.71442288,16781.87803,91887.49004,81940.3907,-0.867904681,-0.054954376
2022-11-24,21.91770494,16738.80263,91868.4621,81921.80659,-0.852675471,-0.042669355
2022-11-25,21.82087069,16631.04015,91743.41452,81809.13858,-1.105413757,-0.231523611
2022-11-26,21.6425111,16550.97003,91656.94256,81736.62041,-1.130722348,-0.250514912
2022-11-27,21.62767003,16544.1442,91649.27009,81730.38315,-0.880540196,-0.0064787
2022-11-28,21.63051651,16545.25714,91650.16809,81731.33533,-0.853025363,0.019777004
2022-11-29,21.44214495,16740.03726,91741.3539,81888.21025,-0.886190597,-0.020381356
2022-11-30,21.3460787,16814.49414,91812.34705,81957.68335,-0.879076967,0.01743313
2022-12-01,21.31930831,16824.41798,91830.39943,81974.40914,-0.875523677,-0.026380403
2022-12-02,21.27032936,16816.641,91842.3317,81970.17778,-0.875166217,-0.03139352
2022-12-03,21.21083953,16819.31288,91869.42824,81981.24002,-0.881991511,0.017622585
2022-12-04,21.25060875,16833.42682,91899.14188,82002.52518,-0.873008805,-0.003982837
2022-12-05,21.21959922,16850.0083,91913.41604,82007.21301,-0.872073742,-0.006675924
2022-12-06,21.20780594,16821.05379,91894.4691,81983.1457,-0.881432599,-0.017432399
2022-12-07,21.27454495,16747.88529,91826.52266,81926.16598,-0.88242855,-0.018757131
2022-12-08,21.28508448,16740.03749,91819.13464,81919.94244,-0.882498576,-0.019019462
2022-12-09,21.2890555,16739.42806,91818.46738,81919.35463,-0.882469707,-0.019151944
2022-12-10,21.29201228,16739.59732,91818.53225,81919.3833,-0.879166546,-0.027872517
2022-12-11,21.29460153,16739.82921,91818.6645,81919.47104,-1.125313241,-0.280297048
2022-12-12,21.29692099,16740.0465,91818.79158,81919.55678,-1.150151719,-0.305773767
2022-12-13,21.18252517,16576.09999,91619.52638,81758.45221,-0.912528912,-0.0732168
2022-12-14,21.16179429,16505.38038,91528.28263,81679.07247,-0.893129029,-0.084969591
2022-12-15,21.13710061,16430.77435,91434.8026,81596.26671,-0.885228428,-0.083987607
2022-12-16,21.10051783,16431.28224,91411.69625,81594.11322,-0.87695681,-0.059644524
2022-12-17,21.07404562,16498.40308,91479.40163,81663.83721,-0.879481535,-0.046820208
2022-12-18,21.14943212,16568.77691,91568.3858,81734.28355,-0.881454669,-0.037147958
2022-12-19,21.103937,16606.05729,91609.7477,81765.40614,-0.881935062,-0.036401417
2022-12-20,20.99314279,16620.21831,91636.83122,81780.5442,-1.150611946,-0.219962635
2022-12-21,21.01735955,16631.77726,91661.18439,81804.76564,-1.005974559,-0.14609012
2022-12-22,21.05049514,16613.00274,91649.22099,81788.55925,-0.88837311,-0.089545758
2022-12-23,21.10025545,16570.94266,91603.8182,81744.17517,-0.877344386,-0.065374203
2022-12-24,21.04372603,16522.20409,91543.98935,81691.65561,-0.876615518,-0.062905369
2022-12-25,20.9865351,16489.15667,91500.21907,81661.08158,-0.876982235,-0.062829003
2022-12-26,20.9667122,16506.3629,91536.36546,81683.7818,-0.877425505,-0.062998756
2022-12-27,20.91103275,16523.72612,91562.57486,81707.56472,-0.877836537,-0.063177843
2022-12-28,20.90119902,16549.10275,91592.55437,81741.13256,-0.882167352,-0.029978746
2022-12-29,20.86276141,16567.67789,91619.00862,81769.09842,-0.886563372,-0.027452749
2022-12-30,20.86910326,16590.58473,91647.73811,81794.4112,-0.88763627,-0.035214402
2022-12-31,20.72633717,16538.54859,91592.38582,81741.01237,-0.893266296,-0.056473271
2023-01-01,20.61699664,16509.93306,91566.41146,81716.50826,-0.895965332,-0.006824564
2023-01-02,20.62812468,16522.33799,91601.23042,81737.10413,-0.896328355,-0.001893482
2023-01-03,20.65220442,16514.76774,91605.71068,81729.9512,-0.900781106,-0.032171961
2023-01-04,20.51825038,16464.74903,91543.67251,81675.02786,-1.162642081,-0.256278332
2023-01-05,20.47061727,16481.3583,91583.18783,81705.07865,-1.189076392,-0.279077919
2023-01-06,20.51755001,16558.46642,91666.88335,81783.23504,-1.189588947,-0.279694865
2023-01-07,20.60484597,16632.61945,91747.91846,81855.20337,-1.187463198,-0.278038022
2023-01-08,20.99624249,16784.09853,91923.58649,81994.27341,-1.185264935,-0.276302916
2023-01-09,20.96981502,16831.0255,91922.8327,81983.51312,-1.183257264,-0.274716143
2023-01-10,20.86481317,16705.00368,91789.36177,81852.31064,-0.927514344,-0.087860012
2023-01-11,20.84049315,16690.61989,91784.85027,81853.10931,-0.897888761,-0.062220998
2023-01-12,20.67668231,16640.58092,91723.7772,81806.46846,-0.901542214,-0.032124207
2023-01-13,20.70630406,16633.09168,91732.1182,81820.5051,-0.90971576,-0.065499349
2023-01-14,20.71197455,16677.29529,91773.69873,81856.20696,-0.918721696,-0.003199922
2023-01-15,20.79711988,16693.49866,91803.67579,81879.86148,-0.920340337,0.002580014
2023-01-16,20.70847304,16651.67461,91744.94554,81823.82089,-0.921074571,0.002187806
2023-01-17,20.76323171,16707.37737,91829.21976,81893.86584,-0.922743283,0.023488683
2023-01-18,20.67205433,16682.98968,91786.56333,81858.99317,-0.935839259,-0.030846211
2023-01-19,20.71594531,16593.77119,91706.52757,81787.64904,-0.937559323,-0.037274541
2023-01-20,20.93522499,16603.48432,91714.72957,81793.02213,-0.93719499,-0.065261666
2023-01-21,20.95791233,16604.88679,91715.78446,81793.90485,-0.937375008,-0.068405828
2023-01-22,20.95889857,16605.33197,91716.0297,81794.25909,-0.937593259,-0.06878272
2023-01-23,20.6148951,16513.44007,91516.22949,81676.13312,-0.937795691,-0.068848964
2023-01-24,20.61802602,16556.65711,91571.13296,81725.58334,-0.969361322,-0.046801182
2023-01-25,20.43386548,16554.24747,91550.85412,81709.79024,-0.972692366,-0.044596297
2023-01-26,20.50121739,16577.41176,91587.94038,81740.51757,-0.973098157,-0.054276142
2023-01-27,20.5006305,16594.54035,91598.99208,81747.39286,-0.972994902,-0.055453274
2023-01-28,20.48150195,16588.34239,91584.20566,81735.32285,-0.980572036,-0.060525192
2023-01-29,20.56721127,16588.28746,91603.52614,81747.70592,-0.983987266,-0.080326117
2023-01-30,20.64635176,16584.56439,91611.96785,81737.70242,-0.984158935,-0.082357859
2023-01-31,20.46004629,16579.14791,91593.2059,81726.56093,-0.983495798,-0.057976826
2023-02-01,20.42118054,16568.3009,91577.82976,81726.25624,-0.983852862,-0.073198808
2023-02-02,20.41664813,16577.38444,91589.80373,81738.63479,-0.982848811,-0.066693114
2023-02-03,20.36178716,16567.51303,91573.42122,81724.82696,-0.982312013,-0.084889164
2023-02-04,20.35804828,16566.67101,91572.17744,81723.63889,-0.982140252,-0.086727744
2023-02-05,20.35975811,16566.80772,91572.55947,81723.81972,-0.982020453,-0.086765105
2023-02-06,20.5482397,16545.09064,91561.55191,81743.52354,-0.981916632,-0.086618982
2023-02-07,20.31014294,16584.64253,91582.66147,81745.90357,-1.000237753,-0.132997661
2023-02-08,19.96970906,16473.04747,91459.24743,81620.18598,-1.002012468,-0.13755474
2023-02-09,20.17874004,16385.30877,91414.95529,81560.4614,-1.001972817,-0.137519521
2023-02-10,20.16509193,16399.28619,91442.35473,81584.74321,-0.991756299,-0.059313242
2023-02-11,20.05371469,16385.65495,91434.5931,81576.84249,-0.99053158,-0.050978422
2023-02-12,20.31675518,16391.47811,91455.69101,81593.29594,-0.990316266,-0.050380882
2023-02-13,20.56280925,16443.1959,91518.51221,81628.15163,-0.99022127,-0.050610849
2023-02-14,20.27118612,16443.25575,91485.39405,81593.1111,-1.170425857,-0.195244869
2023-02-15,20.1009987,16360.75205,91381.39725,81520.19411,-0.994412988,-0.089995233
2023-02-16,20.12276314,16310.62025,91347.89328,81498.78208,-0.975109532,-0.078399698
2023-02-17,19.87351841,16261.51773,91297.54245,81453.91924,-0.973214329,-0.077213172
2023-02-18,19.94314148,16326.07337,91384.5247,81540.4931,-0.973230519,-0.077174334
2023-02-19,19.95402936,16334.34203,91395.0465,81550.81692,-0.973436391,-0.07725376
2023-02-20,20.25144085,16759.01819,91228.45378,81623.1851,-0.973642703,-0.077337864
2023-02-21,20.04904946,16361.92459,91311.61336,81509.9398,-0.973830491,-0.077414867
2023-02-22,19.88998726,16302.78888,91309.71528,81484.65323,-0.978850526,-0.027093229
2023-02-23,19.84327157,16331.40785,91371.91838,81525.68832,-0.962265982,-0.023159675
2023-02-24,19.89755768,16337.45582,91392.04836,81536.44443,-0.958495589,-0.042731949
2023-02-25,19.93595474,16277.98821,91348.41227,81484.23296,-0.947336947,-0.089713301
2023-02-26,19.94199727,16272.75144,91344.2477,81479.39243,-0.946433757,-0.094707239
2023-02-27,19.94426053,16273.40907,91344.40509,81479.72465,-0.9466374,-0.095052981
2023-02-28,20.08724975,16316.30742,91328.55483,81498.30627,-0.960991399,-0.124602787
2023-03-01,19.6313328,16172.99196,91180.59808,81328.80222,-0.959322572,-0.076527517
2023-03-02,19.39947488,16002.80994,91067.71027,81185.45177,-0.957479658,-0.099095513
2023-03-03,19.43687297,15938.25843,91061.36264,81156.39302,-1.030863198,-0.191199717
2023-03-04,19.44599023,15934.69673,91063.25614,81156.32687,-1.038384864,-0.200338163
2023-03-05,19.45145886,15937.55457,91065.80334,81159.16593,-1.038643393,-0.200357573
2023-03-06,19.45607044,15940.79716,91068.18666,81162.04,-1.03815234,-0.199463332
2023-03-07,20.10633984,16192.6788,91157.92535,81459.13437,-0.980903524,-0.089361208
2023-03-08,20.0585419,16233.0873,91166.7618,81486.41302,-0.970840326,-0.082665487
2023-03-09,20.14270018,16248.00528,91181.59347,81500.93981,-1.087424376,-0.190935021
2023-03-10,20.14216064,16229.75569,91155.87149,81473.14152,-1.029654588,-0.162437823
2023-03-11,20.04571065,16198.95971,91111.57449,81437.32466,-0.977072696,-0.074471699
2023-03-12,20.03683247,16166.79296,91081.13253,81409.6248,-0.971501964,-0.065245633
2023-03-13,20.21233295,16159.48973,91092.33174,81404.977,-0.971133714,-0.06472392
2023-03-14,20.18599828,16168.24406,91092.77343,81401.66413,-0.969437855,-0.098482596
2023-03-15,20.10097329,16167.92724,91080.44157,81402.57969,-0.961353862,-0.11675503
2023-03-16,20.07125441,16160.59929,91086.24325,81406.53769,-0.960738615,-0.11869432
2023-03-17,20.08963162,16160.77846,91096.17206,81413.80188,-0.960925615,-0.118825761
2023-03-18,20.20875159,16186.5025,91126.0963,81439.15484,-1.21897201,-0.274293586
2023-03-19,20.22001398,16189.36412,91129.70871,81441.72657,-1.245220168,-0.289912946
2023-03-20,20.44847996,16281.6731,91188.40215,81534.3396,-1.245926169,-0.290141717
2023-03-21,20.57659997,16330.00217,91249.847,81565.75548,-1.244014414,-0.288810839
2023-03-22,20.59776003,16347.1732,91259.15098,81559.08517,-1.242012941,-0.287443776
2023-03-23,20.54912366,16335.66751,91243.23165,81543.13618,-1.240182629,-0.28619613
2023-03-24,20.58083101,16311.91582,91233.01694,81527.84363,-0.967868161,-0.096873714
2023-03-25,20.69908221,16314.98478,91236.89152,81536.10363,-0.93966758,-0.124689838
2023-03-26,20.7078861,16314.6405,91236.8562,81536.38647,-0.93787644,-0.128246365
2023-03-27,20.71516778,16341.05772,91224.40562,81571.31934,-0.938887446,-0.129056845
2023-03-28,20.74032679,16355.58255,91248.41913,81591.93385,-0.955135677,-0.141894777
2023-03-29,20.70523107,16343.71252,91242.85379,81577.83815,-0.957765289,-0.14353004
2023-03-30,20.77486185,16331.51531,91250.2004,81571.76685,-0.958796374,-0.143897863
2023-03-31,20.88596281,16331.76611,91251.84285,81564.17058,-0.959574809,-0.144105837
2023-04-01,20.92312135,16354.44758,91280.02647,81577.53217,-0.96025792,-0.144279109
2023-04-02,20.9260527,16373.33352,91293.81155,81586.32619,-0.960870018,-0.144433317
2023-04-03,20.8496994,16333.97654,91261.47931,81546.30345,-0.961419926,-0.144571739
2023-04-04,20.89917541,16312.59862,91263.62909,81542.53816,-0.979239124,-0.097374125
2023-04-05,20.93598791,16349.83204,91298.93239,81582.36605,-0.981431522,-0.092710692
2023-04-06,20.96044645,16418.46576,91371.81439,81648.41556,-0.981863925,-0.092720387
2023-04-07,21.03990537,16496.43288,91468.33057,81727.23874,-0.982081412,-0.093196521
2023-04-08,21.12684937,16536.26078,91506.97627,81732.81574,-0.982257834,-0.093676448
2023-04-09,21.19720724,16559.26381,91540.29828,81727.37662,-0.982414271,-0.09411356
2023-04-10,21.27146302,16552.31539,91545.54007,81719.64142,-0.98255463,-0.094507051
2023-04-11,21.30874586,16524.38323,91514.33923,81680.10727,-0.982680749,-0.094860765
2023-04-12,21.36635275,16503.2388,91489.07244,81654.4402,-1.042986094,-0.086763668
2023-04-13,21.39345584,16505.13278,91487.92092,81658.09116,-1.04916188,-0.086200228
2023-04-14,21.39539515,16484.72384,91459.07656,81635.14328,-1.058971889,-0.094459864
2023-04-15,21.41888687,16470.21814,91450.54309,81628.46126,-1.06596742,-0.089430439
2023-04-16,21.43473267,16458.28016,91439.69063,81614.07144,-1.062736905,-0.109795757
2023-04-17,21.34681385,16424.49217,91408.76286,81585.35758,-1.061924532,-0.112057671
2023-04-18,21.4001429,16487.88162,91501.56376,81666.84321,-1.061427087,-0.112305672
2023-04-19,21.52439459,16542.17882,91561.97757,81719.05289,-1.064371905,-0.152226962
2023-04-20,21.54404767,16521.33031,91527.18215,81684.63269,-1.064335915,-0.156252664
2023-04-21,21.57217063,16511.44591,91514.18086,81665.63098,-1.070440084,-0.096134495
2023-04-22,21.62850537,16506.49708,91502.41944,81639.20428,-1.342216893,-0.276644573
2023-04-23,21.64744282,16482.98999,91466.46026,81603.21448,-1.099645054,-0.113485569
2023-04-24,21.54488186,16431.76009,91409.22557,81549.02369,-1.072629815,-0.095703968
2023-04-25,21.61993956,16418.762,91412.32996,81557.99554,-1.069601608,-0.09406045
2023-04-26,21.72735457,16458.15684,91451.12748,81592.82885,-1.065482642,-0.083783658
2023-04-27,21.79343615,16506.96142,91493.95691,81625.66128,-1.065045308,-0.08301845
2023-04-28,21.81539369,16539.94729,91518.53551,81647.364,-1.065015497,-0.083273268
2023-04-29,21.86744185,16555.27761,91540.35638,81657.71504,-1.065029121,-0.083607156
2023-04-30,21.86945085,16556.1791,91541.95041,81658.5236,-1.079895863,-0.068474901
2023-05-01,21.86627511,16555.55658,91541.3783,81658.30513,-1.081409909,-0.067197934
2023-05-02,21.9000203,16965.40343,91285.2729,81822.15272,-1.081452422,-0.067421424
2023-05-03,21.97857561,16739.87824,91585.98231,81854.30412,-1.081343955,-0.067774844
2023-05-04,22.08276367,16765.93834,91683.81384,81885.80812,-1.081230153,-0.06810945
2023-05-05,22.12121288,16746.30709,91685.44453,81857.93645,-1.095382059,-0.09761706
2023-05-06,22.09711236,16715.67084,91657.01449,81820.67182,-1.085143864,-0.100935286
2023-05-07,22.09093434,16711.13749,91652.51478,81815.49588,-1.083918097,-0.101245933
2023-05-08,22.0871046,16709.62244,91650.81307,81813.99464,-1.083703891,-0.101227864
2023-05-09,22.05996153,16644.30746,91605.38808,81761.99889,-1.08361012,-0.101178549
2023-05-10,22.14527695,16670.04135,91633.43946,81779.4852,-1.083140833,-0.092715548
2023-05-11,22.12548082,16689.89906,91642.66671,81780.30114,-1.086501229,-0.087169849
2023-05-12,22.06326028,16718.78761,91665.497,81806.10185,-1.089762158,-0.055261992
2023-05-13,22.02727789,16741.69609,91690.28491,81834.93906,-1.085168657,-0.049941627
2023-05-14,21.91321799,16737.53748,91685.91753,81838.98785,-1.089860127,-0.039739844
2023-05-15,21.93417318,16708.39247,91675.92678,81816.20418,-1.090287863,-0.03905808
2023-05-16,21.92196842,16663.50371,91654.0399,81778.33309,-1.090250729,-0.039389676
2023-05-17,21.91854917,16660.98201,91659.13428,81781.79805,-1.09017045,-0.039792765
2023-05-18,21.86220735,16713.60726,91706.6358,81834.82354,-1.079599081,-0.030464725
2023-05-19,21.88900721,16776.76109,91779.45458,81899.83857,-1.079658027,-0.045762096
2023-05-20,21.91633972,16813.81897,91830.70721,81935.75734,-1.082565699,-0.039537244
2023-05-21,21.90143548,16816.97611,91836.30349,81938.67608,-1.082886554,-0.039100407
2023-05-22,21.99729915,16787.79581,91807.16809,81910.41628,-1.082919849,-0.039281687
2023-05-23,22.05619118,16741.67556,91775.73355,81869.37716,-1.082921392,-0.039508463
2023-05-24,22.19272383,16715.90194,91744.80447,81839.98993,-1.082919621,-0.039719379
2023-05-25,22.22310089,16658.55089,91667.19085,81763.42378,-1.082917678,-0.039909726
2023-05-26,22.23323191,16616.72734,91608.62521,81710.56102,-1.074698893,-0.076611886
2023-05-27,22.29373536,16573.78067,91551.41435,81661.29769,-1.073868114,-0.080452032
2023-05-28,22.26478645,16504.45354,91470.55756,81583.14857,-1.073850906,-0.080660364
2023-05-29,22.1937308,16416.07451,91383.90034,81494.01888,-1.073916604,-0.080486764
2023-05-30,22.2079715,16372.7767,91331.29495,81461.18336,-1.071410679,-0.070093595
2023-05-31,22.24269315,16386.58431,91339.35804,81474.11375,-1.072599125,-0.086307855
2023-06-01,22.24908753,16396.15902,91333.47872,81472.61006,-1.070810049,-0.082438574
2023-06-02,22.24935272,16427.18941,91354.77654,81496.6879,-1.070684237,-0.081859174
2023-06-03,22.24027479,16435.63693,91358.9391,81503.50698,-1.070340074,-0.096015909
2023-06-04,22.20375924,16426.74087,91349.85348,81494.42196,-1.055713051,-0.09009515
2023-06-05,22.11118138,16373.76146,91304.10452,81440.35716,-1.054294174,-0.089269511
2023-06-06,22.17839798,16352.36819,91303.28077,81435.75994,-1.270737811,-0.260693691
2023-06-07,22.19126997,16368.42787,91318.248,81448.78975,-1.070195772,-0.130938677
2023-06-08,22.28333577,16382.90502,91339.39302,81459.75699,-1.045947948,-0.112640694
2023-06-09,22.31839341,16314.31362,91255.48976,81378.12502,-1.043671851,-0.110465234
2023-06-10,22.28232792,16283.15698,91200.60813,81336.53743,-1.030729774,-0.106236817
2023-06-11,22.24870558,16289.56326,91201.40369,81343.15017,-1.029765887,-0.105693661
2023-06-12,22.12001275,16270.31726,91203.64517,81333.09373,-1.030086568,-0.105567916
2023-06-13,22.1913395,16307.45007,91265.86417,81386.04988,-1.021200845,-0.106683229
2023-06-14,22.2537581,16360.03809,91314.92128,81435.31212,-1.020654197,-0.09585227
2023-06-15,22.27308985,16387.50789,91341.50966,81451.32606,-1.020990654,-0.09470147
2023-06-16,22.27444314,16390.73125,91344.58867,81453.41686,-1.019108141,-0.091652258
2023-06-17,22.27387679,16391.23986,91345.03963,81453.92717,-1.020728157,-0.089011633
2023-06-18,22.27316945,16391.43122,91345.1872,81454.2335,-1.020113625,-0.090294524
2023-06-19,22.27251167,16391.57363,91345.29115,81454.49187,-1.020320945,-0.090504306
2023-06-20,22.40370393,16342.71738,91305.96684,81409.98611,-1.011681792,-0.111674896
2023-06-21,22.41646854,16337.88646,91302.07029,81405.67862,-1.011035516,-0.113866215
2023-06-22,22.41624157,16337.89286,91302.06721,81405.77863,-1.019067692,-0.097528387
2023-06-23,22.52553825,16344.25003,91362.93071,81442.40893,-1.004888817,-0.11426105
2023-06-24,22.56519229,16361.95595,91375.83217,81447.7649,-1.003624936,-0.115964821
2023-06-25,22.5886695,16385.73276,91397.97762,81462.43785,-1.003766304,-0.116012365
2023-06-26,22.46461472,16363.90697,91394.0213,81440.64584,-1.004035473,-0.115890006
2023-06-27,22.53321617,16382.55059,91415.0606,81465.50414,-1.004293197,-0.11576167
2023-06-28,22.64952892,16439.97635,91471.23349,81520.34986,-1.004526582,-0.115644286
2023-06-29,22.7086905,16458.97908,91486.73724,81525.86724,-1.004736528,-0.115538562
2023-06-30,22.71234075,16460.40169,91487.3823,81525.89071,-1.015914235,-0.105642519
2023-07-01,22.71011135,16459.93825,91486.48343,81525.36269,-1.017192725,-0.104568088
2023-07-02,22.84210069,16678.72239,91668.24016,81766.82335,-1.031028228,-0.138825517
2023-07-03,22.72103003,16649.43746,91634.07611,81720.38865,-1.032454238,-0.142302963
2023-07-04,22.82883843,16559.30609,91563.0988,81632.25728,-1.030035958,-0.080712441
2023-07-05,22.8503854,16580.3189,91588.9061,81650.39101,-1.029700894,-0.074228269
2023-07-06,22.84778255,16656.11775,91685.81878,81723.81074,-1.025941307,-0.045623308
2023-07-07,22.92439783,16697.37646,91741.86691,81762.39277,-1.02085463,-0.072433714
2023-07-08,22.98626042,16690.75498,91747.13562,81748.84546,-1.026659046,-0.10425372
2023-07-09,22.86090069,16708.03076,91757.93277,81759.4169,-1.030240173,-0.046914886
2023-07-10,22.71974935,16715.10032,91784.37608,81770.47495,-1.030576671,-0.041080663
2023-07-11,22.84747247,16719.12885,91819.55461,81796.49347,-1.03055842,-0.040921981
2023-07-12,22.92869584,16750.97402,91851.27344,81825.464,-1.014864337,-0.044612134
2023-07-13,22.9664419,16799.56196,91902.33115,81863.95293,-1.024719138,-0.027367058
2023-07-14,23.05243192,16829.51697,91950.99445,81887.5694,-1.022138896,-0.043285515
2023-07-15,23.11025153,16831.19373,91955.62281,81879.42186,-1.318778371,-0.037516664
2023-07-16,23.12537591,16826.1937,91952.98202,81865.0709,-1.051336265,-0.061067279
2023-07-17,23.00239827,16804.89903,91929.05164,81835.4007,-1.021915791,-0.063740286
2023-07-18,23.11691951,16817.29089,91970.10033,81860.67532,-1.020232322,-0.025474961
2023-07-19,23.19540255,16816.47023,91976.61428,81857.78597,-1.020304066,-0.021659682
2023-07-20,23.20729897,16853.09911,92009.32504,81887.09427,-1.035889875,-0.023909782
2023-07-21,23.15164028,16903.50803,92063.79342,81929.15198,-1.037080367,-0.033997912
2023-07-22,23.23257574,16936.72669,92110.13029,81964.28823,-1.032116183,-0.033935913
2023-07-23,23.23890672,16938.50684,92112.63678,81966.50798,-1.028000308,-0.036698481
2023-07-24,23.23720747,16936.98292,92110.53466,81965.23631,-1.027669693,-0.037154874
2023-07-25,23.13732846,16898.40202,92044.29294,81961.67282,-1.027747359,-0.037339575
2023-07-26,23.24416595,16954.29139,92105.32667,82008.31983,-1.027858863,-0.037480483
2023-07-27,23.25401976,16994.95874,92162.58839,82034.16983,-1.027963716,-0.037604331
2023-07-28,23.31687971,17021.77826,92203.11715,82056.32186,-1.028058467,-0.037715326
2023-07-29,23.31706084,17012.02135,92190.55202,82037.79262,-1.03863768,-0.037122046
2023-07-30,23.34007271,17015.22419,92191.52407,82038.18875,-1.03977321,-0.037141734
2023-07-31,23.23240727,16957.86689,92127.48767,81972.89221,-1.039862174,-0.037220947
2023-08-01,22.78483144,16870.86526,92046.47144,81894.74366,-1.039838475,-0.037298983
2023-08-02,21.81367502,16642.32302,91810.16316,81679.13276,-1.031588642,-0.035092878
2023-08-03,21.57598199,16420.44036,91649.22437,81501.66201,-1.015284681,-0.086406908
2023-08-04,21.35748838,16207.35762,91480.36997,81313.49268,-1.013682664,-0.09165469
2023-08-05,21.34714114,16189.46787,91466.26047,81297.76409,-1.013695022,-0.091823546
2023-08-06,21.35853979,16192.7075,91468.89531,81300.69514,-1.013867706,-0.091469312
2023-08-07,21.08008324,16063.7529,91259.79388,81194.7866,-1.014040881,-0.091094651
2023-08-08,20.98869124,16035.01247,91237.51273,81170.39295,-1.014198519,-0.090751666
2023-08-09,21.03595707,16014.55524,91237.19013,81156.71675,-1.014340416,-0.090442718
2023-08-10,21.07206189,15958.0416,91161.85512,81097.46494,-1.014467969,-0.090164978
2023-08-11,21.09995667,15929.10676,91118.6131,81065.01007,-1.010523607,-0.155552356
2023-08-12,21.04495192,15960.18051,91144.73926,81099.33044,-1.008831046,-0.099779382
2023-08-13,20.87419637,15943.61905,91131.68593,81083.44194,-1.008775996,-0.09342994
2023-08-14,20.75657396,15833.16784,91050.08899,80972.65727,-1.008889651,-0.092594301
2023-08-15,20.80294587,15791.7628,91042.32812,80940.27378,-1.314028948,-0.20514625
2023-08-16,20.66987339,15832.89051,91111.04304,80982.77576,-1.344918272,-0.216397283
2023-08-17,20.78192072,15863.25069,91140.01979,81023.28632,-1.03741556,-0.081667631
2023-08-18,20.84063337,15912.16661,91187.46618,81069.31891,-1.006294889,-0.050908579
2023-08-19,20.85116159,15944.20593,91225.05241,81092.84318,-1.006126281,-0.072932901
2023-08-20,20.81869017,15935.33862,91218.33305,81082.34228,-1.006638055,-0.075573372
2023-08-21,20.68774113,15864.13626,91152.22293,81013.03154,-1.007171808,-0.076037816
2023-08-22,20.88691109,15843.92626,91142.64459,81009.54355,-1.22239072,-0.227217857
2023-08-23,20.96093656,15850.5189,91161.4085,81006.01143,-1.244498447,-0.242613254
2023-08-24,21.02717647,15880.98912,91199.07747,81022.18502,-1.034237359,-0.129788601
2023-08-25,21.01756194,15917.527,91220.26207,81048.98042,-1.015898888,-0.084091161
2023-08-26,21.01791321,15922.59064,91223.18404,81052.98091,-1.018007141,-0.076993213
2023-08-27,21.01922945,15924.05113,91224.01676,81054.34187,-1.018730324,-0.076554029
2023-08-28,21.02052372,15925.01987,91224.56561,81055.31639,-1.019249913,-0.076820248
2023-08-29,20.59717841,15804.77291,91120.4481,80955.49358,-1.02485038,-0.095052047
2023-08-30,20.89910914,15828.48301,91151.31597,80967.49042,-1.018646892,-0.087645543
2023-08-31,20.70075693,15768.47491,91066.04943,80876.87537,-1.026617323,-0.140837794
2023-09-01,20.66963196,15675.30837,90948.87559,80777.81754,-1.030598807,-0.123572617
2023-09-02,20.75779928,15639.33411,90892.30074,80740.08139,-1.032896063,-0.183192564
2023-09-03,20.61975735,15566.69343,90803.00022,80660.57094,-1.037941143,-0.175205228
2023-09-04,20.35783857,15394.0205,90627.65065,80499.76228,-1.038576948,-0.173776024
2023-09-05,20.40252646,15274.78813,90518.13441,80403.54456,-1.038714603,-0.173131261
2023-09-06,20.42852052,15234.80804,90464.76991,80366.93417,-1.044136054,-0.122528972
2023-09-07,20.47197928,15220.50122,90430.1136,80347.82131,-1.310354955,-0.205729135
2023-09-08,20.50790277,15213.50253,90406.85733,80331.88191,-1.133283899,-0.123893529
2023-09-09,20.5296144,15207.19895,90377.83883,80317.10044,-1.062433242,-0.131631551
2023-09-10,20.53401902,15210.41466,90379.29975,80319.50502,-1.052177185,-0.119343514
2023-09-11,20.53629653,15214.29289,90383.67712,80323.41181,-1.051243632,-0.118128794
2023-09-12,20.17546373,15011.07389,90186.60782,80149.52486,-1.06568135,-0.17099673
2023-09-13,20.03453437,14973.17647,90156.0797,80112.12218,-1.185611801,-0.228429818
2023-09-14,19.98542245,14963.25241,90166.69404,80104.23689,-1.093302783,-0.177866443
2023-09-15,20.01086858,14966.34002,90190.82508,80108.2315,-1.084938331,-0.163282126
2023-09-16,19.91728066,14966.90431,90301.72014,80107.43976,-1.088211436,-0.182021303
2023-09-17,19.76151458,14943.72567,90642.87834,80086.64482,-1.088510717,-0.183776303
2023-09-18,19.48848149,14868.49465,91176.15874,80000.15709,-1.088485681,-0.183674936
2023-09-19,19.48664767,14814.56223,91215.65274,79956.51354,-1.075758466,-0.161815055
2023-09-20,19.46053771,14820.77017,91228.364,79975.14782,-1.082346483,-0.167385712
2023-09-21,19.49522023,14864.50113,91270.86871,80026.24663,-1.076836101,-0.174442064
2023-09-22,19.5689582,14928.44791,91338.0113,80093.84726,-1.075984814,-0.171309913
2023-09-23,19.64048934,15013.37036,91423.07089,80167.32607,-1.075946052,-0.170860806
2023-09-24,19.64135214,15148.46412,91553.21448,80298.61554,-1.075992031,-0.170720423
2023-09-25,19.65395658,15227.19052,91630.23971,80373.92653,-1.076042346,-0.170623546
2023-09-26,19.62201988,15257.95337,91672.37297,80403.8558,-1.076088566,-0.170539739
2023-09-27,19.72489146,15288.77526,91700.35859,80433.79919,-1.072467217,-0.212341782
2023-09-28,19.69949043,15259.96699,91665.65144,80396.80084,-1.072135033,-0.216500226
2023-09-29,19.67520849,15199.86601,91599.3199,80337.28529,-1.072161662,-0.21652005
2023-09-30,19.65491967,15153.97083,91546.19066,80294.37349,-1.072221775,-0.216124228
2023-10-01,19.63220662,15132.20043,91519.57979,80278.04051,-1.077328826,-0.165826465
2023-10-02,19.54665875,15078.88818,91460.4475,80227.15038,-1.077890937,-0.160425307
2023-10-03,19.63009508,15094.11977,91477.61008,80251.00155,-1.080125964,-0.171978914
2023-10-04,19.61026449,15125.54019,91506.45461,80281.45473,-1.08490113,-0.144390172
2023-10-05,19.64361187,15118.55541,91496.96728,80274.23723,-1.084271545,-0.144422182
2023-10-06,19.62741741,15073.90693,91446.40967,80226.30598,-1.095137147,-0.146277387
2023-10-07,19.57791235,15061.14324,91421.40194,80209.82023,-1.104203364,-0.159577943
2023-10-08,19.53335373,15090.90003,91451.10647,80248.12272,-1.104983683,-0.161125983
2023-10-09,19.59282928,15122.42125,91492.60351,80287.73566,-1.104865184,-0.161359449
2023-10-10,19.84949129,15191.79947,91579.09964,80354.05311,-1.104667467,-0.161440445
2023-10-11,19.65095602,15234.80388,91622.01602,80385.00354,-1.101806623,-0.140609905
2023-10-12,19.65225613,15248.56306,91638.42897,80402.32476,-1.106415943,-0.156273959
2023-10-13,19.43437714,15229.20575,91618.4422,80384.42108,-1.10676744,-0.158067708
2023-10-14,19.52974715,15211.99024,91629.38874,80391.35751,-1.10745352,-0.13831499
2023-10-15,19.6733751,15213.05025,91631.03989,80392.76464,-1.107391311,-0.136365369
2023-10-16,19.67167009,15131.89004,91533.51879,80298.54788,-1.107259872,-0.136371523
2023-10-17,19.71010374,15073.35491,91466.99459,80234.758,-1.10099534,-0.222405702
2023-10-18,19.6670985,15031.69272,91413.28862,80191.10168,-1.105706306,-0.170582606
2023-10-19,19.67186596,15001.43476,91370.93122,80158.02061,-1.106536835,-0.162530862
2023-10-20,19.71157691,14990.29618,91344.93365,80145.0384,-1.106643573,-0.21085391
2023-10-21,19.5853637,14988.31205,91332.30179,80140.70772,-1.107667325,-0.125249363
2023-10-22,19.43221161,15032.14948,91382.98011,80201.74442,-1.106215641,-0.130769466
2023-10-23,19.33984286,15049.07969,91419.88342,80237.85393,-1.105997065,-0.131675224
2023-10-24,19.7596553,15085.51831,91507.92389,80300.18522,-1.105921472,-0.13203803
2023-10-25,20.47391175,15263.16212,91705.42199,80444.3749,-1.10586698,-0.132313888
2023-10-26,21.10757989,15510.21979,91964.47453,80635.95187,-1.105819502,-0.132556224
2023-10-27,21.75561213,15744.94361,92209.97404,80840.7241,-1.105776999,-0.132773397
2023-10-28,22.04290012,15949.54504,92387.86127,81007.32272,-1.105738819,-0.132968509
2023-10-29,22.2193505,16097.6775,92525.06644,81130.4501,-1.151541507,-0.089781854
2023-10-30,22.28980213,16199.76084,92612.07772,81200.34367,-1.156136041,-0.085563822
2023-10-31,22.48303468,16297.30549,92703.9399,81301.13178,-1.15926525,-0.103244275
2023-11-01,22.46416474,16376.9923,92758.1006,81366.57842,-1.148880299,-0.122828335
2023-11-02,22.39293241,16365.02588,92765.42346,81359.97926,-1.147438577,-0.125090191
2023-11-03,22.45370648,16338.3012,92741.90023,81328.38392,-1.147020933,-0.125416259
2023-11-04,22.42817039,16386.68605,92764.9301,81370.26224,-1.153277284,-0.107699403
2023-11-05,22.49182433,16412.56446,92803.30738,81402.13204,-1.153697964,-0.105972771
2023-11-06,22.36310198,16385.25101,92788.24267,81380.60476,-1.153497215,-0.106000558
2023-11-07,22.3749332,16412.95311,92816.03983,81412.13862,-1.157212391,-0.123922287
2023-11-08,22.22636208,16451.08661,92858.75539,81456.23638,-1.164611793,-0.063936454
2023-11-09,22.25232429,16449.16155,92874.53513,81469.10434,-1.155936672,-0.05750259
2023-11-10,22.36346217,16450.54885,92893.50791,81471.53015,-1.156388859,-0.06161997
2023-11-11,22.38745,16476.77664,92910.69614,81482.53082,-1.163104081,-0.057898911
2023-11-12,22.47284266,16479.64428,92918.03247,81485.73948,-1.163631236,-0.057958903
2023-11-13,22.38973562,16404.87682,92837.99128,81405.73653,-1.16349214,-0.058391601
2023-11-14,22.45838084,16350.84775,92778.20252,81353.68487,-1.163298938,-0.058822627
2023-11-15,22.44680704,16350.70395,92758.81138,81352.08596,-1.157375713,-0.059115693
2023-11-16,22.44622893,16371.12005,92767.70891,81372.0463,-1.156632577,-0.059458587
2023-11-17,22.48125714,16379.47992,92770.09256,81380.04815,-1.262998331,-0.134322604
2023-11-18,22.51088087,16376.84667,92762.06543,81379.23457,-1.171791057,-0.054317971
2023-11-19,22.45424686,16378.07169,92758.02374,81384.31428,-1.156398134,-0.08793189
2023-11-20,22.28978172,16343.59981,92741.71497,81360.74553,-1.15474201,-0.091632412
2023-11-21,22.31466318,16334.5417,92750.08282,81371.1279,-1.154608616,-0.092008547
2023-11-22,22.30477619,16385.58154,92797.71508,81421.99036,-1.154639502,-0.092018392
2023-11-23,22.26157359,16467.11403,92885.76392,81507.75919,-1.162505035,-0.050806721
2023-11-24,22.18057852,16526.68685,92961.64684,81574.18273,-1.161653135,-0.033652949
2023-11-25,22.10829115,17501.35159,92630.03347,81640.1035,-1.160150163,-0.049563806
2023-11-26,22.10111116,17597.77937,92594.40676,81644.6435,-1.159977351,-0.051599149
2023-11-27,22.10108811,17597.70495,92591.58513,81642.63683,-1.159953108,-0.05206376
2023-11-28,21.90332818,16469.87836,92687.50092,81496.88918,-1.187269904,-0.080544483
2023-11-29,22.02651165,16364.6423,92714.23547,81477.77785,-1.179330293,-0.072624552
2023-11-30,22.20604819,16389.06416,92740.11353,81475.87731,-1.179685605,-0.093052349
2023-12-01,22.2661275,16383.75138,92718.49958,81438.61198,-1.181063432,-0.084236417
2023-12-02,22.10141019,16368.73515,92671.77742,81400.59298,-1.191563506,-0.075368547
2023-12-03,21.88786269,16391.05095,92691.1559,81436.80774,-1.180907798,-0.07915559
2023-12-04,21.5546348,16339.01943,92662.59272,81409.20296,-1.179625525,-0.079547292